keyword,google_volume,naver_volume,google_source_tool,naver_source_tool,measured_on,status
강남구 필라테스 허리통증 가격,6,6,google_keyword_planner,naver_searchad_keywordtool,2026-08-03,ok
강남구 필라테스 허리통증 후기,20,30,google_keyword_planner,naver_searchad_keywordtool,2026-08-03,ok
강남구 필라테스 갱년기 가격,20,30,google_keyword_planner,naver_searchad_keywordtool,2026-08-03,ok
강남구 필라테스 갱년기 후기,20,30,google_keyword_planner,naver_searchad_keywordtool,2026-08-03,ok
강남구 필라테스 초보 가격,20,30,google_keyword_planner,naver_searchad_keywordtool,2026-08-03,ok
강남구 필라테스 초보 후기,20,30,google_keyword_planner,naver_searchad_keywordtool,2026-08-03,ok
강남구 요가 허리통증 가격,20,30,google_keyword_planner,naver_searchad_keywordtool,2026-08-03,ok
강남구 요가 허리통증 후기,20,30,google_keyword_planner,naver_searchad_keywordtool,2026-08-03,ok
강남구 요가 갱년기 가격,20,30,google_keyword_planner,naver_searchad_keywordtool,2026-08-03,ok
강남구 요가 갱년기 후기,20,30,google_keyword_planner,naver_searchad_keywordtool,2026-08-03,ok
강남구 요가 초보 가격,20,30,google_keyword_planner,naver_searchad_keywordtool,2026-08-03,ok
강남구 요가 초보 후기,20,30,google_keyword_planner,naver_searchad_keywordtool,2026-08-03,ok
강남구 PT 허리통증 가격,6,6,google_keyword_planner,naver_searchad_keywordtool,2026-08-03,ok
강남구 PT 허리통증 후기,6,6,google_keyword_planner,naver_searchad_keywordtool,2026-08-03,ok
강남구 PT 갱년기 가격,6,6,google_keyword_planner,naver_searchad_keywordtool,2026-08-03,ok
강남구 PT 갱년기 후기,,,google_keyword_planner,naver_searchad_keywordtool,,no_volume_data
강남구 PT 초보 가격,,,google_keyword_planner,naver_searchad_keywordtool,,no_volume_data
강남구 PT 초보 후기,,,google_keyword_planner,naver_searchad_keywordtool,,no_volume_data
강남구 마사지 허리통증 가격,,,google_keyword_planner,naver_searchad_keywordtool,,no_volume_data
강남구 마사지 허리통증 후기,,,google_keyword_planner,naver_searchad_keywordtool,,no_volume_data
강남구 마사지 갱년기 가격,,,google_keyword_planner,naver_searchad_keywordtool,,no_volume_data
강남구 마사지 갱년기 후기,,,google_keyword_planner,naver_searchad_keywordtool,,no_volume_data
강남구 마사지 초보 가격,,,google_keyword_planner,naver_searchad_keywordtool,,no_volume_data
강남구 마사지 초보 후기,,,google_keyword_planner,naver_searchad_keywordtool,,no_volume_data
강남구 스파 허리통증 가격,,,google_keyword_planner,naver_searchad_keywordtool,,no_volume_data
강남구 스파 허리통증 후기,,,google_keyword_planner,naver_searchad_keywordtool,,no_volume_data
강남구 스파 갱년기 가격,,,google_keyword_planner,naver_searchad_keywordtool,,no_volume_data
강남구 스파 갱년기 후기,,,google_keyword_planner,naver_searchad_keywordtool,,no_volume_data
강남구 스파 초보 가격,,,google_keyword_planner,naver_searchad_keywordtool,,no_volume_data
강남구 스파 초보 후기,,,google_keyword_planner,naver_searchad_keywordtool,,no_volume_data
강남구 도수치료 허리통증 가격,,,google_keyword_planner,naver_searchad_keywordtool,,no_volume_data
강남구 도수치료 허리통증 후기,,,google_keyword_planner,naver_searchad_keywordtool,,no_volume_data
강남구 도수치료 갱년기 가격,,,google_keyword_planner,naver_searchad_keywordtool,,no_volume_data
강남구 도수치료 갱년기 후기,,,google_keyword_planner,naver_searchad_keywordtool,,no_volume_data
강남구 도수치료 초보 가격,,,google_keyword_planner,naver_searchad_keywordtool,,no_volume_data
강남구 도수치료 초보 후기,,,google_keyword_planner,naver_searchad_keywordtool,,no_volume_data
서초구 필라테스 허리통증 가격,,,google_keyword_planner,naver_searchad_keywordtool,,no_volume_data
서초구 필라테스 허리통증 후기,,,google_keyword_planner,naver_searchad_keywordtool,,no_volume_data
서초구 필라테스 갱년기 가격,,,google_keyword_planner,naver_searchad_keywordtool,,no_volume_data
서초구 필라테스 갱년기 후기,,,google_keyword_planner,naver_searchad_keywordtool,,no_volume_data
서초구 필라테스 초보 가격,,,google_keyword_planner,naver_searchad_keywordtool,,no_volume_data
서초구 필라테스 초보 후기,,,google_keyword_planner,naver_searchad_keywordtool,,no_volume_data
서초구 요가 허리통증 가격,,,google_keyword_planner,naver_searchad_keywordtool,,no_volume_data
서초구 요가 허리통증 후기,,,google_keyword_planner,naver_searchad_keywordtool,,no_volume_data
서초구 요가 갱년기 가격,,,google_keyword_planner,naver_searchad_keywordtool,,no_volume_data
서초구 요가 갱년기 후기,,,google_keyword_planner,naver_searchad_keywordtool,,no_volume_data
서초구 요가 초보 가격,,,google_keyword_planner,naver_searchad_keywordtool,,no_volume_data
서초구 요가 초보 후기,,,google_keyword_planner,naver_searchad_keywordtool,,no_volume_data
서초구 PT 허리통증 가격,,,google_keyword_planner,naver_searchad_keywordtool,,no_volume_data
서초구 PT 허리통증 후기,,,google_keyword_planner,naver_searchad_keywordtool,,no_volume_data
서초구 PT 갱년기 가격,,,google_keyword_planner,naver_searchad_keywordtool,,no_volume_data
서초구 PT 갱년기 후기,,,google_keyword_planner,naver_searchad_keywordtool,,no_volume_data
서초구 PT 초보 가격,,,google_keyword_planner,naver_searchad_keywordtool,,no_volume_data
서초구 PT 초보 후기,,,google_keyword_planner,naver_searchad_keywordtool,,no_volume_data
서초구 마사지 허리통증 가격,,,google_keyword_planner,naver_searchad_keywordtool,,no_volume_data
서초구 마사지 허리통증 후기,,,google_keyword_planner,naver_searchad_keywordtool,,no_volume_data
서초구 마사지 갱년기 가격,,,google_keyword_planner,naver_searchad_keywordtool,,no_volume_data
서초구 마사지 갱년기 후기,,,google_keyword_planner,naver_searchad_keywordtool,,no_volume_data
서초구 마사지 초보 가격,,,google_keyword_planner,naver_searchad_keywordtool,,no_volume_data
서초구 마사지 초보 후기,,,google_keyword_planner,naver_searchad_keywordtool,,no_volume_data
서초구 스파 허리통증 가격,,,google_keyword_planner,naver_searchad_keywordtool,,no_volume_data
서초구 스파 허리통증 후기,,,google_keyword_planner,naver_searchad_keywordtool,,no_volume_data
서초구 스파 갱년기 가격,,,google_keyword_planner,naver_searchad_keywordtool,,no_volume_data
서초구 스파 갱년기 후기,,,google_keyword_planner,naver_searchad_keywordtool,,no_volume_data
서초구 스파 초보 가격,,,google_keyword_planner,naver_searchad_keywordtool,,no_volume_data
서초구 스파 초보 후기,,,google_keyword_planner,naver_searchad_keywordtool,,no_volume_data
서초구 도수치료 허리통증 가격,,,google_keyword_planner,naver_searchad_keywordtool,,no_volume_data
서초구 도수치료 허리통증 후기,,,google_keyword_planner,naver_searchad_keywordtool,,no_volume_data
서초구 도수치료 갱년기 가격,,,google_keyword_planner,naver_searchad_keywordtool,,no_volume_data
서초구 도수치료 갱년기 후기,,,google_keyword_planner,naver_searchad_keywordtool,,no_volume_data
서초구 도수치료 초보 가격,,,google_keyword_planner,naver_searchad_keywordtool,,no_volume_data
서초구 도수치료 초보 후기,,,google_keyword_planner,naver_searchad_keywordtool,,no_volume_data
송파구 필라테스 허리통증 가격,,,google_keyword_planner,naver_searchad_keywordtool,,no_volume_data
송파구 필라테스 허리통증 후기,,,google_keyword_planner,naver_searchad_keywordtool,,no_volume_data
송파구 필라테스 갱년기 가격,,,google_keyword_planner,naver_searchad_keywordtool,,no_volume_data
송파구 필라테스 갱년기 후기,,,google_keyword_planner,naver_searchad_keywordtool,,no_volume_data
송파구 필라테스 초보 가격,,,google_keyword_planner,naver_searchad_keywordtool,,no_volume_data
송파구 필라테스 초보 후기,,,google_keyword_planner,naver_searchad_keywordtool,,no_volume_data
송파구 요가 허리통증 가격,,,google_keyword_planner,naver_searchad_keywordtool,,no_volume_data
송파구 요가 허리통증 후기,,,google_keyword_planner,naver_searchad_keywordtool,,no_volume_data
송파구 요가 갱년기 가격,,,google_keyword_planner,naver_searchad_keywordtool,,no_volume_data
송파구 요가 갱년기 후기,,,google_keyword_planner,naver_searchad_keywordtool,,no_volume_data
송파구 요가 초보 가격,,,google_keyword_planner,naver_searchad_keywordtool,,no_volume_data
송파구 요가 초보 후기,,,google_keyword_planner,naver_searchad_keywordtool,,no_volume_data
송파구 PT 허리통증 가격,,,google_keyword_planner,naver_searchad_keywordtool,,no_volume_data
송파구 PT 허리통증 후기,,,google_keyword_planner,naver_searchad_keywordtool,,no_volume_data
송파구 PT 갱년기 가격,,,google_keyword_planner,naver_searchad_keywordtool,,no_volume_data
송파구 PT 갱년기 후기,,,google_keyword_planner,naver_searchad_keywordtool,,no_volume_data
송파구 PT 초보 가격,,,google_keyword_planner,naver_searchad_keywordtool,,no_volume_data
송파구 PT 초보 후기,,,google_keyword_planner,naver_searchad_keywordtool,,no_volume_data
송파구 마사지 허리통증 가격,,,google_keyword_planner,naver_searchad_keywordtool,,no_volume_data
송파구 마사지 허리통증 후기,,,google_keyword_planner,naver_searchad_keywordtool,,no_volume_data
송파구 마사지 갱년기 가격,,,google_keyword_planner,naver_searchad_keywordtool,,no_volume_data
송파구 마사지 갱년기 후기,,,google_keyword_planner,naver_searchad_keywordtool,,no_volume_data
송파구 마사지 초보 가격,,,google_keyword_planner,naver_searchad_keywordtool,,no_volume_data
송파구 마사지 초보 후기,,,google_keyword_planner,naver_searchad_keywordtool,,no_volume_data
송파구 스파 허리통증 가격,,,google_keyword_planner,naver_searchad_keywordtool,,no_volume_data
송파구 스파 허리통증 후기,,,google_keyword_planner,naver_searchad_keywordtool,,no_volume_data
송파구 스파 갱년기 가격,,,google_keyword_planner,naver_searchad_keywordtool,,no_volume_data
송파구 스파 갱년기 후기,,,google_keyword_planner,naver_searchad_keywordtool,,no_volume_data
송파구 스파 초보 가격,,,google_keyword_planner,naver_searchad_keywordtool,,no_volume_data
송파구 스파 초보 후기,,,google_keyword_planner,naver_searchad_keywordtool,,no_volume_data
송파구 도수치료 허리통증 가격,,,google_keyword_planner,naver_searchad_keywordtool,,no_volume_data
송파구 도수치료 허리통증 후기,,,google_keyword_planner,naver_searchad_keywordtool,,no_volume_data
송파구 도수치료 갱년기 가격,,,google_keyword_planner,naver_searchad_keywordtool,,no_volume_data
송파구 도수치료 갱년기 후기,,,google_keyword_planner,naver_searchad_keywordtool,,no_volume_data
송파구 도수치료 초보 가격,,,google_keyword_planner,naver_searchad_keywordtool,,no_volume_data
송파구 도수치료 초보 후기,,,google_keyword_planner,naver_searchad_keywordtool,,no_volume_data
역삼동 필라테스 허리통증 가격,,,google_keyword_planner,naver_searchad_keywordtool,,no_volume_data
역삼동 필라테스 허리통증 후기,,,google_keyword_planner,naver_searchad_keywordtool,,no_volume_data
역삼동 필라테스 갱년기 가격,,,google_keyword_planner,naver_searchad_keywordtool,,no_volume_data
역삼동 필라테스 갱년기 후기,,,google_keyword_planner,naver_searchad_keywordtool,,no_volume_data
역삼동 필라테스 초보 가격,,,google_keyword_planner,naver_searchad_keywordtool,,no_volume_data
역삼동 필라테스 초보 후기,,,google_keyword_planner,naver_searchad_keywordtool,,no_volume_data
역삼동 요가 허리통증 가격,,,google_keyword_planner,naver_searchad_keywordtool,,no_volume_data
역삼동 요가 허리통증 후기,,,google_keyword_planner,naver_searchad_keywordtool,,no_volume_data
역삼동 요가 갱년기 가격,,,google_keyword_planner,naver_searchad_keywordtool,,no_volume_data
역삼동 요가 갱년기 후기,,,google_keyword_planner,naver_searchad_keywordtool,,no_volume_data
역삼동 요가 초보 가격,,,google_keyword_planner,naver_searchad_keywordtool,,no_volume_data
역삼동 요가 초보 후기,,,google_keyword_planner,naver_searchad_keywordtool,,no_volume_data
역삼동 PT 허리통증 가격,,,google_keyword_planner,naver_searchad_keywordtool,,no_volume_data
역삼동 PT 허리통증 후기,,,google_keyword_planner,naver_searchad_keywordtool,,no_volume_data
역삼동 PT 갱년기 가격,,,google_keyword_planner,naver_searchad_keywordtool,,no_volume_data
역삼동 PT 갱년기 후기,,,google_keyword_planner,naver_searchad_keywordtool,,no_volume_data
역삼동 PT 초보 가격,,,google_keyword_planner,naver_searchad_keywordtool,,no_volume_data
역삼동 PT 초보 후기,,,google_keyword_planner,naver_searchad_keywordtool,,no_volume_data
역삼동 마사지 허리통증 가격,,,google_keyword_planner,naver_searchad_keywordtool,,no_volume_data
역삼동 마사지 허리통증 후기,,,google_keyword_planner,naver_searchad_keywordtool,,no_volume_data
역삼동 마사지 갱년기 가격,,,google_keyword_planner,naver_searchad_keywordtool,,no_volume_data
역삼동 마사지 갱년기 후기,,,google_keyword_planner,naver_searchad_keywordtool,,no_volume_data
역삼동 마사지 초보 가격,,,google_keyword_planner,naver_searchad_keywordtool,,no_volume_data
역삼동 마사지 초보 후기,,,google_keyword_planner,naver_searchad_keywordtool,,no_volume_data
역삼동 스파 허리통증 가격,,,google_keyword_planner,naver_searchad_keywordtool,,no_volume_data
역삼동 스파 허리통증 후기,,,google_keyword_planner,naver_searchad_keywordtool,,no_volume_data
역삼동 스파 갱년기 가격,,,google_keyword_planner,naver_searchad_keywordtool,,no_volume_data
역삼동 스파 갱년기 후기,,,google_keyword_planner,naver_searchad_keywordtool,,no_volume_data
역삼동 스파 초보 가격,,,google_keyword_planner,naver_searchad_keywordtool,,no_volume_data
역삼동 스파 초보 후기,,,google_keyword_planner,naver_searchad_keywordtool,,no_volume_data
역삼동 도수치료 허리통증 가격,,,google_keyword_planner,naver_searchad_keywordtool,,no_volume_data
역삼동 도수치료 허리통증 후기,,,google_keyword_planner,naver_searchad_keywordtool,,no_volume_data
역삼동 도수치료 갱년기 가격,,,google_keyword_planner,naver_searchad_keywordtool,,no_volume_data
역삼동 도수치료 갱년기 후기,,,google_keyword_planner,naver_searchad_keywordtool,,no_volume_data
역삼동 도수치료 초보 가격,,,google_keyword_planner,naver_searchad_keywordtool,,no_volume_data
역삼동 도수치료 초보 후기,,,google_keyword_planner,naver_searchad_keywordtool,,no_volume_data
삼성동 필라테스 허리통증 가격,,,google_keyword_planner,naver_searchad_keywordtool,,no_volume_data
삼성동 필라테스 허리통증 후기,,,google_keyword_planner,naver_searchad_keywordtool,,no_volume_data
삼성동 필라테스 갱년기 가격,,,google_keyword_planner,naver_searchad_keywordtool,,no_volume_data
삼성동 필라테스 갱년기 후기,,,google_keyword_planner,naver_searchad_keywordtool,,no_volume_data
삼성동 필라테스 초보 가격,,,google_keyword_planner,naver_searchad_keywordtool,,no_volume_data
삼성동 필라테스 초보 후기,,,google_keyword_planner,naver_searchad_keywordtool,,no_volume_data
삼성동 요가 허리통증 가격,,,google_keyword_planner,naver_searchad_keywordtool,,no_volume_data
삼성동 요가 허리통증 후기,,,google_keyword_planner,naver_searchad_keywordtool,,no_volume_data
삼성동 요가 갱년기 가격,,,google_keyword_planner,naver_searchad_keywordtool,,no_volume_data
삼성동 요가 갱년기 후기,,,google_keyword_planner,naver_searchad_keywordtool,,no_volume_data
삼성동 요가 초보 가격,,,google_keyword_planner,naver_searchad_keywordtool,,no_volume_data
삼성동 요가 초보 후기,,,google_keyword_planner,naver_searchad_keywordtool,,no_volume_data
삼성동 PT 허리통증 가격,,,google_keyword_planner,naver_searchad_keywordtool,,no_volume_data
삼성동 PT 허리통증 후기,,,google_keyword_planner,naver_searchad_keywordtool,,no_volume_data
삼성동 PT 갱년기 가격,,,google_keyword_planner,naver_searchad_keywordtool,,no_volume_data
삼성동 PT 갱년기 후기,,,google_keyword_planner,naver_searchad_keywordtool,,no_volume_data
삼성동 PT 초보 가격,,,google_keyword_planner,naver_searchad_keywordtool,,no_volume_data
삼성동 PT 초보 후기,,,google_keyword_planner,naver_searchad_keywordtool,,no_volume_data
삼성동 마사지 허리통증 가격,,,google_keyword_planner,naver_searchad_keywordtool,,no_volume_data
삼성동 마사지 허리통증 후기,,,google_keyword_planner,naver_searchad_keywordtool,,no_volume_data
삼성동 마사지 갱년기 가격,,,google_keyword_planner,naver_searchad_keywordtool,,no_volume_data
삼성동 마사지 갱년기 후기,,,google_keyword_planner,naver_searchad_keywordtool,,no_volume_data
삼성동 마사지 초보 가격,,,google_keyword_planner,naver_searchad_keywordtool,,no_volume_data
삼성동 마사지 초보 후기,,,google_keyword_planner,naver_searchad_keywordtool,,no_volume_data
삼성동 스파 허리통증 가격,,,google_keyword_planner,naver_searchad_keywordtool,,no_volume_data
삼성동 스파 허리통증 후기,,,google_keyword_planner,naver_searchad_keywordtool,,no_volume_data
삼성동 스파 갱년기 가격,,,google_keyword_planner,naver_searchad_keywordtool,,no_volume_data
삼성동 스파 갱년기 후기,,,google_keyword_planner,naver_searchad_keywordtool,,no_volume_data
삼성동 스파 초보 가격,,,google_keyword_planner,naver_searchad_keywordtool,,no_volume_data
삼성동 스파 초보 후기,,,google_keyword_planner,naver_searchad_keywordtool,,no_volume_data
삼성동 도수치료 허리통증 가격,,,google_keyword_planner,naver_searchad_keywordtool,,no_volume_data
삼성동 도수치료 허리통증 후기,,,google_keyword_planner,naver_searchad_keywordtool,,no_volume_data
삼성동 도수치료 갱년기 가격,,,google_keyword_planner,naver_searchad_keywordtool,,no_volume_data
삼성동 도수치료 갱년기 후기,,,google_keyword_planner,naver_searchad_keywordtool,,no_volume_data
삼성동 도수치료 초보 가격,,,google_keyword_planner,naver_searchad_keywordtool,,no_volume_data
삼성동 도수치료 초보 후기,,,google_keyword_planner,naver_searchad_keywordtool,,no_volume_data
논현동 필라테스 허리통증 가격,,,google_keyword_planner,naver_searchad_keywordtool,,no_volume_data
논현동 필라테스 허리통증 후기,,,google_keyword_planner,naver_searchad_keywordtool,,no_volume_data
논현동 필라테스 갱년기 가격,,,google_keyword_planner,naver_searchad_keywordtool,,no_volume_data
논현동 필라테스 갱년기 후기,,,google_keyword_planner,naver_searchad_keywordtool,,no_volume_data
논현동 필라테스 초보 가격,,,google_keyword_planner,naver_searchad_keywordtool,,no_volume_data
논현동 필라테스 초보 후기,,,google_keyword_planner,naver_searchad_keywordtool,,no_volume_data
논현동 요가 허리통증 가격,,,google_keyword_planner,naver_searchad_keywordtool,,no_volume_data
논현동 요가 허리통증 후기,,,google_keyword_planner,naver_searchad_keywordtool,,no_volume_data
논현동 요가 갱년기 가격,,,google_keyword_planner,naver_searchad_keywordtool,,no_volume_data
논현동 요가 갱년기 후기,,,google_keyword_planner,naver_searchad_keywordtool,,no_volume_data
논현동 요가 초보 가격,,,google_keyword_planner,naver_searchad_keywordtool,,no_volume_data
논현동 요가 초보 후기,,,google_keyword_planner,naver_searchad_keywordtool,,no_volume_data
논현동 PT 허리통증 가격,,,google_keyword_planner,naver_searchad_keywordtool,,no_volume_data
논현동 PT 허리통증 후기,,,google_keyword_planner,naver_searchad_keywordtool,,no_volume_data
논현동 PT 갱년기 가격,,,google_keyword_planner,naver_searchad_keywordtool,,no_volume_data
논현동 PT 갱년기 후기,,,google_keyword_planner,naver_searchad_keywordtool,,no_volume_data
논현동 PT 초보 가격,,,google_keyword_planner,naver_searchad_keywordtool,,no_volume_data
논현동 PT 초보 후기,,,google_keyword_planner,naver_searchad_keywordtool,,no_volume_data
논현동 마사지 허리통증 가격,,,google_keyword_planner,naver_searchad_keywordtool,,no_volume_data
논현동 마사지 허리통증 후기,,,google_keyword_planner,naver_searchad_keywordtool,,no_volume_data
논현동 마사지 갱년기 가격,,,google_keyword_planner,naver_searchad_keywordtool,,no_volume_data
논현동 마사지 갱년기 후기,,,google_keyword_planner,naver_searchad_keywordtool,,no_volume_data
논현동 마사지 초보 가격,,,google_keyword_planner,naver_searchad_keywordtool,,no_volume_data
논현동 마사지 초보 후기,,,google_keyword_planner,naver_searchad_keywordtool,,no_volume_data
논현동 스파 허리통증 가격,,,google_keyword_planner,naver_searchad_keywordtool,,no_volume_data
논현동 스파 허리통증 후기,,,google_keyword_planner,naver_searchad_keywordtool,,no_volume_data
논현동 스파 갱년기 가격,,,google_keyword_planner,naver_searchad_keywordtool,,no_volume_data
논현동 스파 갱년기 후기,,,google_keyword_planner,naver_searchad_keywordtool,,no_volume_data
논현동 스파 초보 가격,,,google_keyword_planner,naver_searchad_keywordtool,,no_volume_data
논현동 스파 초보 후기,,,google_keyword_planner,naver_searchad_keywordtool,,no_volume_data
논현동 도수치료 허리통증 가격,,,google_keyword_planner,naver_searchad_keywordtool,,no_volume_data
논현동 도수치료 허리통증 후기,,,google_keyword_planner,naver_searchad_keywordtool,,no_volume_data
논현동 도수치료 갱년기 가격,,,google_keyword_planner,naver_searchad_keywordtool,,no_volume_data
논현동 도수치료 갱년기 후기,,,google_keyword_planner,naver_searchad_keywordtool,,no_volume_data
논현동 도수치료 초보 가격,,,google_keyword_planner,naver_searchad_keywordtool,,no_volume_data
논현동 도수치료 초보 후기,,,google_keyword_planner,naver_searchad_keywordtool,,no_volume_data
청담동 필라테스 허리통증 가격,,,google_keyword_planner,naver_searchad_keywordtool,,no_volume_data
청담동 필라테스 허리통증 후기,,,google_keyword_planner,naver_searchad_keywordtool,,no_volume_data
청담동 필라테스 갱년기 가격,,,google_keyword_planner,naver_searchad_keywordtool,,no_volume_data
청담동 필라테스 갱년기 후기,,,google_keyword_planner,naver_searchad_keywordtool,,no_volume_data
청담동 필라테스 초보 가격,,,google_keyword_planner,naver_searchad_keywordtool,,no_volume_data
청담동 필라테스 초보 후기,,,google_keyword_planner,naver_searchad_keywordtool,,no_volume_data
청담동 요가 허리통증 가격,,,google_keyword_planner,naver_searchad_keywordtool,,no_volume_data
청담동 요가 허리통증 후기,,,google_keyword_planner,naver_searchad_keywordtool,,no_volume_data
청담동 요가 갱년기 가격,,,google_keyword_planner,naver_searchad_keywordtool,,no_volume_data
청담동 요가 갱년기 후기,,,google_keyword_planner,naver_searchad_keywordtool,,no_volume_data
청담동 요가 초보 가격,,,google_keyword_planner,naver_searchad_keywordtool,,no_volume_data
청담동 요가 초보 후기,,,google_keyword_planner,naver_searchad_keywordtool,,no_volume_data
청담동 PT 허리통증 가격,,,google_keyword_planner,naver_searchad_keywordtool,,no_volume_data
청담동 PT 허리통증 후기,,,google_keyword_planner,naver_searchad_keywordtool,,no_volume_data
청담동 PT 갱년기 가격,,,google_keyword_planner,naver_searchad_keywordtool,,no_volume_data
청담동 PT 갱년기 후기,,,google_keyword_planner,naver_searchad_keywordtool,,no_volume_data
청담동 PT 초보 가격,,,google_keyword_planner,naver_searchad_keywordtool,,no_volume_data
청담동 PT 초보 후기,,,google_keyword_planner,naver_searchad_keywordtool,,no_volume_data
청담동 마사지 허리통증 가격,,,google_keyword_planner,naver_searchad_keywordtool,,no_volume_data
청담동 마사지 허리통증 후기,,,google_keyword_planner,naver_searchad_keywordtool,,no_volume_data
청담동 마사지 갱년기 가격,,,google_keyword_planner,naver_searchad_keywordtool,,no_volume_data
청담동 마사지 갱년기 후기,,,google_keyword_planner,naver_searchad_keywordtool,,no_volume_data
청담동 마사지 초보 가격,,,google_keyword_planner,naver_searchad_keywordtool,,no_volume_data
청담동 마사지 초보 후기,,,google_keyword_planner,naver_searchad_keywordtool,,no_volume_data
청담동 스파 허리통증 가격,,,google_keyword_planner,naver_searchad_keywordtool,,no_volume_data
청담동 스파 허리통증 후기,,,google_keyword_planner,naver_searchad_keywordtool,,no_volume_data
청담동 스파 갱년기 가격,,,google_keyword_planner,naver_searchad_keywordtool,,no_volume_data
청담동 스파 갱년기 후기,,,google_keyword_planner,naver_searchad_keywordtool,,no_volume_data
청담동 스파 초보 가격,,,google_keyword_planner,naver_searchad_keywordtool,,no_volume_data
청담동 스파 초보 후기,,,google_keyword_planner,naver_searchad_keywordtool,,no_volume_data
청담동 도수치료 허리통증 가격,,,google_keyword_planner,naver_searchad_keywordtool,,no_volume_data
청담동 도수치료 허리통증 후기,,,google_keyword_planner,naver_searchad_keywordtool,,no_volume_data
청담동 도수치료 갱년기 가격,,,google_keyword_planner,naver_searchad_keywordtool,,no_volume_data
청담동 도수치료 갱년기 후기,,,google_keyword_planner,naver_searchad_keywordtool,,no_volume_data
청담동 도수치료 초보 가격,,,google_keyword_planner,naver_searchad_keywordtool,,no_volume_data
청담동 도수치료 초보 후기,,,google_keyword_planner,naver_searchad_keywordtool,,no_volume_data
압구정동 필라테스 허리통증 가격,,,google_keyword_planner,naver_searchad_keywordtool,,no_volume_data
압구정동 필라테스 허리통증 후기,,,google_keyword_planner,naver_searchad_keywordtool,,no_volume_data
압구정동 필라테스 갱년기 가격,,,google_keyword_planner,naver_searchad_keywordtool,,no_volume_data
압구정동 필라테스 갱년기 후기,,,google_keyword_planner,naver_searchad_keywordtool,,no_volume_data
압구정동 필라테스 초보 가격,,,google_keyword_planner,naver_searchad_keywordtool,,no_volume_data
압구정동 필라테스 초보 후기,,,google_keyword_planner,naver_searchad_keywordtool,,no_volume_data
압구정동 요가 허리통증 가격,,,google_keyword_planner,naver_searchad_keywordtool,,no_volume_data
압구정동 요가 허리통증 후기,,,google_keyword_planner,naver_searchad_keywordtool,,no_volume_data
압구정동 요가 갱년기 가격,,,google_keyword_planner,naver_searchad_keywordtool,,no_volume_data
압구정동 요가 갱년기 후기,,,google_keyword_planner,naver_searchad_keywordtool,,no_volume_data
압구정동 요가 초보 가격,,,google_keyword_planner,naver_searchad_keywordtool,,no_volume_data
압구정동 요가 초보 후기,,,google_keyword_planner,naver_searchad_keywordtool,,no_volume_data
압구정동 PT 허리통증 가격,,,google_keyword_planner,naver_searchad_keywordtool,,no_volume_data
압구정동 PT 허리통증 후기,,,google_keyword_planner,naver_searchad_keywordtool,,no_volume_data
압구정동 PT 갱년기 가격,,,google_keyword_planner,naver_searchad_keywordtool,,no_volume_data
압구정동 PT 갱년기 후기,,,google_keyword_planner,naver_searchad_keywordtool,,no_volume_data
압구정동 PT 초보 가격,,,google_keyword_planner,naver_searchad_keywordtool,,no_volume_data
압구정동 PT 초보 후기,,,google_keyword_planner,naver_searchad_keywordtool,,no_volume_data
압구정동 마사지 허리통증 가격,,,google_keyword_planner,naver_searchad_keywordtool,,no_volume_data
압구정동 마사지 허리통증 후기,,,google_keyword_planner,naver_searchad_keywordtool,,no_volume_data
압구정동 마사지 갱년기 가격,,,google_keyword_planner,naver_searchad_keywordtool,,no_volume_data
압구정동 마사지 갱년기 후기,,,google_keyword_planner,naver_searchad_keywordtool,,no_volume_data
압구정동 마사지 초보 가격,,,google_keyword_planner,naver_searchad_keywordtool,,no_volume_data
압구정동 마사지 초보 후기,,,google_keyword_planner,naver_searchad_keywordtool,,no_volume_data
압구정동 스파 허리통증 가격,,,google_keyword_planner,naver_searchad_keywordtool,,no_volume_data
압구정동 스파 허리통증 후기,,,google_keyword_planner,naver_searchad_keywordtool,,no_volume_data
압구정동 스파 갱년기 가격,,,google_keyword_planner,naver_searchad_keywordtool,,no_volume_data
압구정동 스파 갱년기 후기,,,google_keyword_planner,naver_searchad_keywordtool,,no_volume_data
압구정동 스파 초보 가격,,,google_keyword_planner,naver_searchad_keywordtool,,no_volume_data
압구정동 스파 초보 후기,,,google_keyword_planner,naver_searchad_keywordtool,,no_volume_data
압구정동 도수치료 허리통증 가격,,,google_keyword_planner,naver_searchad_keywordtool,,no_volume_data
압구정동 도수치료 허리통증 후기,,,google_keyword_planner,naver_searchad_keywordtool,,no_volume_data
압구정동 도수치료 갱년기 가격,,,google_keyword_planner,naver_searchad_keywordtool,,no_volume_data
압구정동 도수치료 갱년기 후기,,,google_keyword_planner,naver_searchad_keywordtool,,no_volume_data
압구정동 도수치료 초보 가격,,,google_keyword_planner,naver_searchad_keywordtool,,no_volume_data
압구정동 도수치료 초보 후기,,,google_keyword_planner,naver_searchad_keywordtool,,no_volume_data
대치동 필라테스 허리통증 가격,,,google_keyword_planner,naver_searchad_keywordtool,,no_volume_data
대치동 필라테스 허리통증 후기,,,google_keyword_planner,naver_searchad_keywordtool,,no_volume_data
대치동 필라테스 갱년기 가격,,,google_keyword_planner,naver_searchad_keywordtool,,no_volume_data
대치동 필라테스 갱년기 후기,,,google_keyword_planner,naver_searchad_keywordtool,,no_volume_data
대치동 필라테스 초보 가격,,,google_keyword_planner,naver_searchad_keywordtool,,no_volume_data
대치동 필라테스 초보 후기,,,google_keyword_planner,naver_searchad_keywordtool,,no_volume_data
대치동 요가 허리통증 가격,,,google_keyword_planner,naver_searchad_keywordtool,,no_volume_data
대치동 요가 허리통증 후기,,,google_keyword_planner,naver_searchad_keywordtool,,no_volume_data
대치동 요가 갱년기 가격,,,google_keyword_planner,naver_searchad_keywordtool,,no_volume_data
대치동 요가 갱년기 후기,,,google_keyword_planner,naver_searchad_keywordtool,,no_volume_data
대치동 요가 초보 가격,,,google_keyword_planner,naver_searchad_keywordtool,,no_volume_data
대치동 요가 초보 후기,,,google_keyword_planner,naver_searchad_keywordtool,,no_volume_data
대치동 PT 허리통증 가격,,,google_keyword_planner,naver_searchad_keywordtool,,no_volume_data
대치동 PT 허리통증 후기,,,google_keyword_planner,naver_searchad_keywordtool,,no_volume_data
대치동 PT 갱년기 가격,,,google_keyword_planner,naver_searchad_keywordtool,,no_volume_data
대치동 PT 갱년기 후기,,,google_keyword_planner,naver_searchad_keywordtool,,no_volume_data
대치동 PT 초보 가격,,,google_keyword_planner,naver_searchad_keywordtool,,no_volume_data
대치동 PT 초보 후기,,,google_keyword_planner,naver_searchad_keywordtool,,no_volume_data
대치동 마사지 허리통증 가격,,,google_keyword_planner,naver_searchad_keywordtool,,no_volume_data
대치동 마사지 허리통증 후기,,,google_keyword_planner,naver_searchad_keywordtool,,no_volume_data
대치동 마사지 갱년기 가격,,,google_keyword_planner,naver_searchad_keywordtool,,no_volume_data
대치동 마사지 갱년기 후기,,,google_keyword_planner,naver_searchad_keywordtool,,no_volume_data
대치동 마사지 초보 가격,,,google_keyword_planner,naver_searchad_keywordtool,,no_volume_data
대치동 마사지 초보 후기,,,google_keyword_planner,naver_searchad_keywordtool,,no_volume_data
대치동 스파 허리통증 가격,,,google_keyword_planner,naver_searchad_keywordtool,,no_volume_data
대치동 스파 허리통증 후기,,,google_keyword_planner,naver_searchad_keywordtool,,no_volume_data
대치동 스파 갱년기 가격,,,google_keyword_planner,naver_searchad_keywordtool,,no_volume_data
대치동 스파 갱년기 후기,,,google_keyword_planner,naver_searchad_keywordtool,,no_volume_data
대치동 스파 초보 가격,,,google_keyword_planner,naver_searchad_keywordtool,,no_volume_data
대치동 스파 초보 후기,,,google_keyword_planner,naver_searchad_keywordtool,,no_volume_data
대치동 도수치료 허리통증 가격,,,google_keyword_planner,naver_searchad_keywordtool,,no_volume_data
대치동 도수치료 허리통증 후기,,,google_keyword_planner,naver_searchad_keywordtool,,no_volume_data
대치동 도수치료 갱년기 가격,,,google_keyword_planner,naver_searchad_keywordtool,,no_volume_data
대치동 도수치료 갱년기 후기,,,google_keyword_planner,naver_searchad_keywordtool,,no_volume_data
대치동 도수치료 초보 가격,,,google_keyword_planner,naver_searchad_keywordtool,,no_volume_data
대치동 도수치료 초보 후기,,,google_keyword_planner,naver_searchad_keywordtool,,no_volume_data
도곡동 필라테스 허리통증 가격,,,google_keyword_planner,naver_searchad_keywordtool,,no_volume_data
도곡동 필라테스 허리통증 후기,,,google_keyword_planner,naver_searchad_keywordtool,,no_volume_data
도곡동 필라테스 갱년기 가격,,,google_keyword_planner,naver_searchad_keywordtool,,no_volume_data
도곡동 필라테스 갱년기 후기,,,google_keyword_planner,naver_searchad_keywordtool,,no_volume_data
도곡동 필라테스 초보 가격,,,google_keyword_planner,naver_searchad_keywordtool,,no_volume_data
도곡동 필라테스 초보 후기,,,google_keyword_planner,naver_searchad_keywordtool,,no_volume_data
도곡동 요가 허리통증 가격,,,google_keyword_planner,naver_searchad_keywordtool,,no_volume_data
도곡동 요가 허리통증 후기,,,google_keyword_planner,naver_searchad_keywordtool,,no_volume_data
도곡동 요가 갱년기 가격,,,google_keyword_planner,naver_searchad_keywordtool,,no_volume_data
도곡동 요가 갱년기 후기,,,google_keyword_planner,naver_searchad_keywordtool,,no_volume_data
도곡동 요가 초보 가격,,,google_keyword_planner,naver_searchad_keywordtool,,no_volume_data
도곡동 요가 초보 후기,,,google_keyword_planner,naver_searchad_keywordtool,,no_volume_data
도곡동 PT 허리통증 가격,,,google_keyword_planner,naver_searchad_keywordtool,,no_volume_data
도곡동 PT 허리통증 후기,,,google_keyword_planner,naver_searchad_keywordtool,,no_volume_data
도곡동 PT 갱년기 가격,,,google_keyword_planner,naver_searchad_keywordtool,,no_volume_data
도곡동 PT 갱년기 후기,,,google_keyword_planner,naver_searchad_keywordtool,,no_volume_data
도곡동 PT 초보 가격,,,google_keyword_planner,naver_searchad_keywordtool,,no_volume_data
도곡동 PT 초보 후기,,,google_keyword_planner,naver_searchad_keywordtool,,no_volume_data
도곡동 마사지 허리통증 가격,,,google_keyword_planner,naver_searchad_keywordtool,,no_volume_data
도곡동 마사지 허리통증 후기,,,google_keyword_planner,naver_searchad_keywordtool,,no_volume_data
도곡동 마사지 갱년기 가격,,,google_keyword_planner,naver_searchad_keywordtool,,no_volume_data
도곡동 마사지 갱년기 후기,,,google_keyword_planner,naver_searchad_keywordtool,,no_volume_data
도곡동 마사지 초보 가격,,,google_keyword_planner,naver_searchad_keywordtool,,no_volume_data
도곡동 마사지 초보 후기,,,google_keyword_planner,naver_searchad_keywordtool,,no_volume_data
도곡동 스파 허리통증 가격,,,google_keyword_planner,naver_searchad_keywordtool,,no_volume_data
도곡동 스파 허리통증 후기,,,google_keyword_planner,naver_searchad_keywordtool,,no_volume_data
도곡동 스파 갱년기 가격,,,google_keyword_planner,naver_searchad_keywordtool,,no_volume_data
도곡동 스파 갱년기 후기,,,google_keyword_planner,naver_searchad_keywordtool,,no_volume_data
도곡동 스파 초보 가격,,,google_keyword_planner,naver_searchad_keywordtool,,no_volume_data
도곡동 스파 초보 후기,,,google_keyword_planner,naver_searchad_keywordtool,,no_volume_data
도곡동 도수치료 허리통증 가격,,,google_keyword_planner,naver_searchad_keywordtool,,no_volume_data
도곡동 도수치료 허리통증 후기,,,google_keyword_planner,naver_searchad_keywordtool,,no_volume_data
도곡동 도수치료 갱년기 가격,,,google_keyword_planner,naver_searchad_keywordtool,,no_volume_data
도곡동 도수치료 갱년기 후기,,,google_keyword_planner,naver_searchad_keywordtool,,no_volume_data
도곡동 도수치료 초보 가격,,,google_keyword_planner,naver_searchad_keywordtool,,no_volume_data
도곡동 도수치료 초보 후기,,,google_keyword_planner,naver_searchad_keywordtool,,no_volume_data
신사동 필라테스 허리통증 가격,,,google_keyword_planner,naver_searchad_keywordtool,,no_volume_data
신사동 필라테스 허리통증 후기,,,google_keyword_planner,naver_searchad_keywordtool,,no_volume_data
신사동 필라테스 갱년기 가격,,,google_keyword_planner,naver_searchad_keywordtool,,no_volume_data
신사동 필라테스 갱년기 후기,,,google_keyword_planner,naver_searchad_keywordtool,,no_volume_data
신사동 필라테스 초보 가격,,,google_keyword_planner,naver_searchad_keywordtool,,no_volume_data
신사동 필라테스 초보 후기,,,google_keyword_planner,naver_searchad_keywordtool,,no_volume_data
신사동 요가 허리통증 가격,,,google_keyword_planner,naver_searchad_keywordtool,,no_volume_data
신사동 요가 허리통증 후기,,,google_keyword_planner,naver_searchad_keywordtool,,no_volume_data
신사동 요가 갱년기 가격,,,google_keyword_planner,naver_searchad_keywordtool,,no_volume_data
신사동 요가 갱년기 후기,,,google_keyword_planner,naver_searchad_keywordtool,,no_volume_data
신사동 요가 초보 가격,,,google_keyword_planner,naver_searchad_keywordtool,,no_volume_data
신사동 요가 초보 후기,,,google_keyword_planner,naver_searchad_keywordtool,,no_volume_data
신사동 PT 허리통증 가격,,,google_keyword_planner,naver_searchad_keywordtool,,no_volume_data
신사동 PT 허리통증 후기,,,google_keyword_planner,naver_searchad_keywordtool,,no_volume_data
신사동 PT 갱년기 가격,,,google_keyword_planner,naver_searchad_keywordtool,,no_volume_data
신사동 PT 갱년기 후기,,,google_keyword_planner,naver_searchad_keywordtool,,no_volume_data
신사동 PT 초보 가격,,,google_keyword_planner,naver_searchad_keywordtool,,no_volume_data
신사동 PT 초보 후기,,,google_keyword_planner,naver_searchad_keywordtool,,no_volume_data
신사동 마사지 허리통증 가격,,,google_keyword_planner,naver_searchad_keywordtool,,no_volume_data
신사동 마사지 허리통증 후기,,,google_keyword_planner,naver_searchad_keywordtool,,no_volume_data
신사동 마사지 갱년기 가격,,,google_keyword_planner,naver_searchad_keywordtool,,no_volume_data
신사동 마사지 갱년기 후기,,,google_keyword_planner,naver_searchad_keywordtool,,no_volume_data
신사동 마사지 초보 가격,,,google_keyword_planner,naver_searchad_keywordtool,,no_volume_data
신사동 마사지 초보 후기,,,google_keyword_planner,naver_searchad_keywordtool,,no_volume_data
신사동 스파 허리통증 가격,,,google_keyword_planner,naver_searchad_keywordtool,,no_volume_data
신사동 스파 허리통증 후기,,,google_keyword_planner,naver_searchad_keywordtool,,no_volume_data
신사동 스파 갱년기 가격,,,google_keyword_planner,naver_searchad_keywordtool,,no_volume_data
신사동 스파 갱년기 후기,,,google_keyword_planner,naver_searchad_keywordtool,,no_volume_data
신사동 스파 초보 가격,,,google_keyword_planner,naver_searchad_keywordtool,,no_volume_data
신사동 스파 초보 후기,,,google_keyword_planner,naver_searchad_keywordtool,,no_volume_data
신사동 도수치료 허리통증 가격,,,google_keyword_planner,naver_searchad_keywordtool,,no_volume_data
신사동 도수치료 허리통증 후기,,,google_keyword_planner,naver_searchad_keywordtool,,no_volume_data
신사동 도수치료 갱년기 가격,,,google_keyword_planner,naver_searchad_keywordtool,,no_volume_data
신사동 도수치료 갱년기 후기,,,google_keyword_planner,naver_searchad_keywordtool,,no_volume_data
신사동 도수치료 초보 가격,,,google_keyword_planner,naver_searchad_keywordtool,,no_volume_data
신사동 도수치료 초보 후기,,,google_keyword_planner,naver_searchad_keywordtool,,no_volume_data
서초동 필라테스 허리통증 가격,,,google_keyword_planner,naver_searchad_keywordtool,,no_volume_data
서초동 필라테스 허리통증 후기,,,google_keyword_planner,naver_searchad_keywordtool,,no_volume_data
서초동 필라테스 갱년기 가격,,,google_keyword_planner,naver_searchad_keywordtool,,no_volume_data
서초동 필라테스 갱년기 후기,,,google_keyword_planner,naver_searchad_keywordtool,,no_volume_data
서초동 필라테스 초보 가격,,,google_keyword_planner,naver_searchad_keywordtool,,no_volume_data
서초동 필라테스 초보 후기,,,google_keyword_planner,naver_searchad_keywordtool,,no_volume_data
서초동 요가 허리통증 가격,,,google_keyword_planner,naver_searchad_keywordtool,,no_volume_data
서초동 요가 허리통증 후기,,,google_keyword_planner,naver_searchad_keywordtool,,no_volume_data
서초동 요가 갱년기 가격,,,google_keyword_planner,naver_searchad_keywordtool,,no_volume_data
서초동 요가 갱년기 후기,,,google_keyword_planner,naver_searchad_keywordtool,,no_volume_data
서초동 요가 초보 가격,,,google_keyword_planner,naver_searchad_keywordtool,,no_volume_data
서초동 요가 초보 후기,,,google_keyword_planner,naver_searchad_keywordtool,,no_volume_data
서초동 PT 허리통증 가격,,,google_keyword_planner,naver_searchad_keywordtool,,no_volume_data
서초동 PT 허리통증 후기,,,google_keyword_planner,naver_searchad_keywordtool,,no_volume_data
서초동 PT 갱년기 가격,,,google_keyword_planner,naver_searchad_keywordtool,,no_volume_data
서초동 PT 갱년기 후기,,,google_keyword_planner,naver_searchad_keywordtool,,no_volume_data
서초동 PT 초보 가격,,,google_keyword_planner,naver_searchad_keywordtool,,no_volume_data
서초동 PT 초보 후기,,,google_keyword_planner,naver_searchad_keywordtool,,no_volume_data
서초동 마사지 허리통증 가격,,,google_keyword_planner,naver_searchad_keywordtool,,no_volume_data
서초동 마사지 허리통증 후기,,,google_keyword_planner,naver_searchad_keywordtool,,no_volume_data
서초동 마사지 갱년기 가격,,,google_keyword_planner,naver_searchad_keywordtool,,no_volume_data
서초동 마사지 갱년기 후기,,,google_keyword_planner,naver_searchad_keywordtool,,no_volume_data
서초동 마사지 초보 가격,,,google_keyword_planner,naver_searchad_keywordtool,,no_volume_data
서초동 마사지 초보 후기,,,google_keyword_planner,naver_searchad_keywordtool,,no_volume_data
서초동 스파 허리통증 가격,,,google_keyword_planner,naver_searchad_keywordtool,,no_volume_data
서초동 스파 허리통증 후기,,,google_keyword_planner,naver_searchad_keywordtool,,no_volume_data
서초동 스파 갱년기 가격,,,google_keyword_planner,naver_searchad_keywordtool,,no_volume_data
서초동 스파 갱년기 후기,,,google_keyword_planner,naver_searchad_keywordtool,,no_volume_data
서초동 스파 초보 가격,,,google_keyword_planner,naver_searchad_keywordtool,,no_volume_data
서초동 스파 초보 후기,,,google_keyword_planner,naver_searchad_keywordtool,,no_volume_data
서초동 도수치료 허리통증 가격,,,google_keyword_planner,naver_searchad_keywordtool,,no_volume_data
서초동 도수치료 허리통증 후기,,,google_keyword_planner,naver_searchad_keywordtool,,no_volume_data
서초동 도수치료 갱년기 가격,,,google_keyword_planner,naver_searchad_keywordtool,,no_volume_data
서초동 도수치료 갱년기 후기,,,google_keyword_planner,naver_searchad_keywordtool,,no_volume_data
서초동 도수치료 초보 가격,,,google_keyword_planner,naver_searchad_keywordtool,,no_volume_data
서초동 도수치료 초보 후기,,,google_keyword_planner,naver_searchad_keywordtool,,no_volume_data
반포동 필라테스 허리통증 가격,,,google_keyword_planner,naver_searchad_keywordtool,,no_volume_data
반포동 필라테스 허리통증 후기,,,google_keyword_planner,naver_searchad_keywordtool,,no_volume_data
반포동 필라테스 갱년기 가격,,,google_keyword_planner,naver_searchad_keywordtool,,no_volume_data
반포동 필라테스 갱년기 후기,,,google_keyword_planner,naver_searchad_keywordtool,,no_volume_data
반포동 필라테스 초보 가격,,,google_keyword_planner,naver_searchad_keywordtool,,no_volume_data
반포동 필라테스 초보 후기,,,google_keyword_planner,naver_searchad_keywordtool,,no_volume_data
반포동 요가 허리통증 가격,,,google_keyword_planner,naver_searchad_keywordtool,,no_volume_data
반포동 요가 허리통증 후기,,,google_keyword_planner,naver_searchad_keywordtool,,no_volume_data
반포동 요가 갱년기 가격,,,google_keyword_planner,naver_searchad_keywordtool,,no_volume_data
반포동 요가 갱년기 후기,,,google_keyword_planner,naver_searchad_keywordtool,,no_volume_data
반포동 요가 초보 가격,,,google_keyword_planner,naver_searchad_keywordtool,,no_volume_data
반포동 요가 초보 후기,,,google_keyword_planner,naver_searchad_keywordtool,,no_volume_data
반포동 PT 허리통증 가격,,,google_keyword_planner,naver_searchad_keywordtool,,no_volume_data
반포동 PT 허리통증 후기,,,google_keyword_planner,naver_searchad_keywordtool,,no_volume_data
반포동 PT 갱년기 가격,,,google_keyword_planner,naver_searchad_keywordtool,,no_volume_data
반포동 PT 갱년기 후기,,,google_keyword_planner,naver_searchad_keywordtool,,no_volume_data
반포동 PT 초보 가격,,,google_keyword_planner,naver_searchad_keywordtool,,no_volume_data
반포동 PT 초보 후기,,,google_keyword_planner,naver_searchad_keywordtool,,no_volume_data
반포동 마사지 허리통증 가격,,,google_keyword_planner,naver_searchad_keywordtool,,no_volume_data
반포동 마사지 허리통증 후기,,,google_keyword_planner,naver_searchad_keywordtool,,no_volume_data
반포동 마사지 갱년기 가격,,,google_keyword_planner,naver_searchad_keywordtool,,no_volume_data
반포동 마사지 갱년기 후기,,,google_keyword_planner,naver_searchad_keywordtool,,no_volume_data
반포동 마사지 초보 가격,,,google_keyword_planner,naver_searchad_keywordtool,,no_volume_data
반포동 마사지 초보 후기,,,google_keyword_planner,naver_searchad_keywordtool,,no_volume_data
반포동 스파 허리통증 가격,,,google_keyword_planner,naver_searchad_keywordtool,,no_volume_data
반포동 스파 허리통증 후기,,,google_keyword_planner,naver_searchad_keywordtool,,no_volume_data
반포동 스파 갱년기 가격,,,google_keyword_planner,naver_searchad_keywordtool,,no_volume_data
반포동 스파 갱년기 후기,,,google_keyword_planner,naver_searchad_keywordtool,,no_volume_data
반포동 스파 초보 가격,,,google_keyword_planner,naver_searchad_keywordtool,,no_volume_data
반포동 스파 초보 후기,,,google_keyword_planner,naver_searchad_keywordtool,,no_volume_data
반포동 도수치료 허리통증 가격,,,google_keyword_planner,naver_searchad_keywordtool,,no_volume_data
반포동 도수치료 허리통증 후기,,,google_keyword_planner,naver_searchad_keywordtool,,no_volume_data
반포동 도수치료 갱년기 가격,,,google_keyword_planner,naver_searchad_keywordtool,,no_volume_data
반포동 도수치료 갱년기 후기,,,google_keyword_planner,naver_searchad_keywordtool,,no_volume_data
반포동 도수치료 초보 가격,,,google_keyword_planner,naver_searchad_keywordtool,,no_volume_data
반포동 도수치료 초보 후기,,,google_keyword_planner,naver_searchad_keywordtool,,no_volume_data
잠원동 필라테스 허리통증 가격,,,google_keyword_planner,naver_searchad_keywordtool,,no_volume_data
잠원동 필라테스 허리통증 후기,,,google_keyword_planner,naver_searchad_keywordtool,,no_volume_data
잠원동 필라테스 갱년기 가격,,,google_keyword_planner,naver_searchad_keywordtool,,no_volume_data
잠원동 필라테스 갱년기 후기,,,google_keyword_planner,naver_searchad_keywordtool,,no_volume_data
잠원동 필라테스 초보 가격,,,google_keyword_planner,naver_searchad_keywordtool,,no_volume_data
잠원동 필라테스 초보 후기,,,google_keyword_planner,naver_searchad_keywordtool,,no_volume_data
잠원동 요가 허리통증 가격,,,google_keyword_planner,naver_searchad_keywordtool,,no_volume_data
잠원동 요가 허리통증 후기,,,google_keyword_planner,naver_searchad_keywordtool,,no_volume_data
잠원동 요가 갱년기 가격,,,google_keyword_planner,naver_searchad_keywordtool,,no_volume_data
잠원동 요가 갱년기 후기,,,google_keyword_planner,naver_searchad_keywordtool,,no_volume_data
잠원동 요가 초보 가격,,,google_keyword_planner,naver_searchad_keywordtool,,no_volume_data
잠원동 요가 초보 후기,,,google_keyword_planner,naver_searchad_keywordtool,,no_volume_data
잠원동 PT 허리통증 가격,,,google_keyword_planner,naver_searchad_keywordtool,,no_volume_data
잠원동 PT 허리통증 후기,,,google_keyword_planner,naver_searchad_keywordtool,,no_volume_data
잠원동 PT 갱년기 가격,,,google_keyword_planner,naver_searchad_keywordtool,,no_volume_data
잠원동 PT 갱년기 후기,,,google_keyword_planner,naver_searchad_keywordtool,,no_volume_data
잠원동 PT 초보 가격,,,google_keyword_planner,naver_searchad_keywordtool,,no_volume_data
잠원동 PT 초보 후기,,,google_keyword_planner,naver_searchad_keywordtool,,no_volume_data
잠원동 마사지 허리통증 가격,,,google_keyword_planner,naver_searchad_keywordtool,,no_volume_data
잠원동 마사지 허리통증 후기,,,google_keyword_planner,naver_searchad_keywordtool,,no_volume_data
잠원동 마사지 갱년기 가격,,,google_keyword_planner,naver_searchad_keywordtool,,no_volume_data
잠원동 마사지 갱년기 후기,,,google_keyword_planner,naver_searchad_keywordtool,,no_volume_data
잠원동 마사지 초보 가격,,,google_keyword_planner,naver_searchad_keywordtool,,no_volume_data
잠원동 마사지 초보 후기,,,google_keyword_planner,naver_searchad_keywordtool,,no_volume_data
잠원동 스파 허리통증 가격,,,google_keyword_planner,naver_searchad_keywordtool,,no_volume_data
잠원동 스파 허리통증 후기,,,google_keyword_planner,naver_searchad_keywordtool,,no_volume_data
잠원동 스파 갱년기 가격,,,google_keyword_planner,naver_searchad_keywordtool,,no_volume_data
잠원동 스파 갱년기 후기,,,google_keyword_planner,naver_searchad_keywordtool,,no_volume_data
잠원동 스파 초보 가격,,,google_keyword_planner,naver_searchad_keywordtool,,no_volume_data
잠원동 스파 초보 후기,,,google_keyword_planner,naver_searchad_keywordtool,,no_volume_data
잠원동 도수치료 허리통증 가격,,,google_keyword_planner,naver_searchad_keywordtool,,no_volume_data
잠원동 도수치료 허리통증 후기,,,google_keyword_planner,naver_searchad_keywordtool,,no_volume_data
잠원동 도수치료 갱년기 가격,,,google_keyword_planner,naver_searchad_keywordtool,,no_volume_data
잠원동 도수치료 갱년기 후기,,,google_keyword_planner,naver_searchad_keywordtool,,no_volume_data
잠원동 도수치료 초보 가격,,,google_keyword_planner,naver_searchad_keywordtool,,no_volume_data
잠원동 도수치료 초보 후기,,,google_keyword_planner,naver_searchad_keywordtool,,no_volume_data
방배동 필라테스 허리통증 가격,,,google_keyword_planner,naver_searchad_keywordtool,,no_volume_data
방배동 필라테스 허리통증 후기,,,google_keyword_planner,naver_searchad_keywordtool,,no_volume_data
방배동 필라테스 갱년기 가격,,,google_keyword_planner,naver_searchad_keywordtool,,no_volume_data
방배동 필라테스 갱년기 후기,,,google_keyword_planner,naver_searchad_keywordtool,,no_volume_data
방배동 필라테스 초보 가격,,,google_keyword_planner,naver_searchad_keywordtool,,no_volume_data
방배동 필라테스 초보 후기,,,google_keyword_planner,naver_searchad_keywordtool,,no_volume_data
방배동 요가 허리통증 가격,,,google_keyword_planner,naver_searchad_keywordtool,,no_volume_data
방배동 요가 허리통증 후기,,,google_keyword_planner,naver_searchad_keywordtool,,no_volume_data
방배동 요가 갱년기 가격,,,google_keyword_planner,naver_searchad_keywordtool,,no_volume_data
방배동 요가 갱년기 후기,,,google_keyword_planner,naver_searchad_keywordtool,,no_volume_data
방배동 요가 초보 가격,,,google_keyword_planner,naver_searchad_keywordtool,,no_volume_data
방배동 요가 초보 후기,,,google_keyword_planner,naver_searchad_keywordtool,,no_volume_data
방배동 PT 허리통증 가격,,,google_keyword_planner,naver_searchad_keywordtool,,no_volume_data
방배동 PT 허리통증 후기,,,google_keyword_planner,naver_searchad_keywordtool,,no_volume_data
방배동 PT 갱년기 가격,,,google_keyword_planner,naver_searchad_keywordtool,,no_volume_data
방배동 PT 갱년기 후기,,,google_keyword_planner,naver_searchad_keywordtool,,no_volume_data
방배동 PT 초보 가격,,,google_keyword_planner,naver_searchad_keywordtool,,no_volume_data
방배동 PT 초보 후기,,,google_keyword_planner,naver_searchad_keywordtool,,no_volume_data
방배동 마사지 허리통증 가격,,,google_keyword_planner,naver_searchad_keywordtool,,no_volume_data
방배동 마사지 허리통증 후기,,,google_keyword_planner,naver_searchad_keywordtool,,no_volume_data
방배동 마사지 갱년기 가격,,,google_keyword_planner,naver_searchad_keywordtool,,no_volume_data
방배동 마사지 갱년기 후기,,,google_keyword_planner,naver_searchad_keywordtool,,no_volume_data
방배동 마사지 초보 가격,,,google_keyword_planner,naver_searchad_keywordtool,,no_volume_data
방배동 마사지 초보 후기,,,google_keyword_planner,naver_searchad_keywordtool,,no_volume_data
방배동 스파 허리통증 가격,,,google_keyword_planner,naver_searchad_keywordtool,,no_volume_data
방배동 스파 허리통증 후기,,,google_keyword_planner,naver_searchad_keywordtool,,no_volume_data
방배동 스파 갱년기 가격,,,google_keyword_planner,naver_searchad_keywordtool,,no_volume_data
방배동 스파 갱년기 후기,,,google_keyword_planner,naver_searchad_keywordtool,,no_volume_data
방배동 스파 초보 가격,,,google_keyword_planner,naver_searchad_keywordtool,,no_volume_data
방배동 스파 초보 후기,,,google_keyword_planner,naver_searchad_keywordtool,,no_volume_data
방배동 도수치료 허리통증 가격,,,google_keyword_planner,naver_searchad_keywordtool,,no_volume_data
방배동 도수치료 허리통증 후기,,,google_keyword_planner,naver_searchad_keywordtool,,no_volume_data
방배동 도수치료 갱년기 가격,,,google_keyword_planner,naver_searchad_keywordtool,,no_volume_data
방배동 도수치료 갱년기 후기,,,google_keyword_planner,naver_searchad_keywordtool,,no_volume_data
방배동 도수치료 초보 가격,,,google_keyword_planner,naver_searchad_keywordtool,,no_volume_data
방배동 도수치료 초보 후기,,,google_keyword_planner,naver_searchad_keywordtool,,no_volume_data
잠실동 필라테스 허리통증 가격,,,google_keyword_planner,naver_searchad_keywordtool,,no_volume_data
잠실동 필라테스 허리통증 후기,,,google_keyword_planner,naver_searchad_keywordtool,,no_volume_data
잠실동 필라테스 갱년기 가격,,,google_keyword_planner,naver_searchad_keywordtool,,no_volume_data
잠실동 필라테스 갱년기 후기,,,google_keyword_planner,naver_searchad_keywordtool,,no_volume_data
잠실동 필라테스 초보 가격,,,google_keyword_planner,naver_searchad_keywordtool,,no_volume_data
잠실동 필라테스 초보 후기,,,google_keyword_planner,naver_searchad_keywordtool,,no_volume_data
잠실동 요가 허리통증 가격,,,google_keyword_planner,naver_searchad_keywordtool,,no_volume_data
잠실동 요가 허리통증 후기,,,google_keyword_planner,naver_searchad_keywordtool,,no_volume_data
잠실동 요가 갱년기 가격,,,google_keyword_planner,naver_searchad_keywordtool,,no_volume_data
잠실동 요가 갱년기 후기,,,google_keyword_planner,naver_searchad_keywordtool,,no_volume_data
잠실동 요가 초보 가격,,,google_keyword_planner,naver_searchad_keywordtool,,no_volume_data
잠실동 요가 초보 후기,,,google_keyword_planner,naver_searchad_keywordtool,,no_volume_data
잠실동 PT 허리통증 가격,,,google_keyword_planner,naver_searchad_keywordtool,,no_volume_data
잠실동 PT 허리통증 후기,,,google_keyword_planner,naver_searchad_keywordtool,,no_volume_data
잠실동 PT 갱년기 가격,,,google_keyword_planner,naver_searchad_keywordtool,,no_volume_data
잠실동 PT 갱년기 후기,,,google_keyword_planner,naver_searchad_keywordtool,,no_volume_data
잠실동 PT 초보 가격,,,google_keyword_planner,naver_searchad_keywordtool,,no_volume_data
잠실동 PT 초보 후기,,,google_keyword_planner,naver_searchad_keywordtool,,no_volume_data
잠실동 마사지 허리통증 가격,,,google_keyword_planner,naver_searchad_keywordtool,,no_volume_data
잠실동 마사지 허리통증 후기,,,google_keyword_planner,naver_searchad_keywordtool,,no_volume_data
잠실동 마사지 갱년기 가격,,,google_keyword_planner,naver_searchad_keywordtool,,no_volume_data
잠실동 마사지 갱년기 후기,,,google_keyword_planner,naver_searchad_keywordtool,,no_volume_data
잠실동 마사지 초보 가격,,,google_keyword_planner,naver_searchad_keywordtool,,no_volume_data
잠실동 마사지 초보 후기,,,google_keyword_planner,naver_searchad_keywordtool,,no_volume_data
잠실동 스파 허리통증 가격,,,google_keyword_planner,naver_searchad_keywordtool,,no_volume_data
잠실동 스파 허리통증 후기,,,google_keyword_planner,naver_searchad_keywordtool,,no_volume_data
잠실동 스파 갱년기 가격,,,google_keyword_planner,naver_searchad_keywordtool,,no_volume_data
잠실동 스파 갱년기 후기,,,google_keyword_planner,naver_searchad_keywordtool,,no_volume_data
잠실동 스파 초보 가격,,,google_keyword_planner,naver_searchad_keywordtool,,no_volume_data
잠실동 스파 초보 후기,,,google_keyword_planner,naver_searchad_keywordtool,,no_volume_data
잠실동 도수치료 허리통증 가격,,,google_keyword_planner,naver_searchad_keywordtool,,no_volume_data
잠실동 도수치료 허리통증 후기,,,google_keyword_planner,naver_searchad_keywordtool,,no_volume_data
잠실동 도수치료 갱년기 가격,,,google_keyword_planner,naver_searchad_keywordtool,,no_volume_data
잠실동 도수치료 갱년기 후기,,,google_keyword_planner,naver_searchad_keywordtool,,no_volume_data
잠실동 도수치료 초보 가격,,,google_keyword_planner,naver_searchad_keywordtool,,no_volume_data
잠실동 도수치료 초보 후기,,,google_keyword_planner,naver_searchad_keywordtool,,no_volume_data
문정동 필라테스 허리통증 가격,,,google_keyword_planner,naver_searchad_keywordtool,,no_volume_data
문정동 필라테스 허리통증 후기,,,google_keyword_planner,naver_searchad_keywordtool,,no_volume_data
문정동 필라테스 갱년기 가격,,,google_keyword_planner,naver_searchad_keywordtool,,no_volume_data
문정동 필라테스 갱년기 후기,,,google_keyword_planner,naver_searchad_keywordtool,,no_volume_data
문정동 필라테스 초보 가격,,,google_keyword_planner,naver_searchad_keywordtool,,no_volume_data
문정동 필라테스 초보 후기,,,google_keyword_planner,naver_searchad_keywordtool,,no_volume_data
문정동 요가 허리통증 가격,,,google_keyword_planner,naver_searchad_keywordtool,,no_volume_data
문정동 요가 허리통증 후기,,,google_keyword_planner,naver_searchad_keywordtool,,no_volume_data
문정동 요가 갱년기 가격,,,google_keyword_planner,naver_searchad_keywordtool,,no_volume_data
문정동 요가 갱년기 후기,,,google_keyword_planner,naver_searchad_keywordtool,,no_volume_data
문정동 요가 초보 가격,,,google_keyword_planner,naver_searchad_keywordtool,,no_volume_data
문정동 요가 초보 후기,,,google_keyword_planner,naver_searchad_keywordtool,,no_volume_data
문정동 PT 허리통증 가격,,,google_keyword_planner,naver_searchad_keywordtool,,no_volume_data
문정동 PT 허리통증 후기,,,google_keyword_planner,naver_searchad_keywordtool,,no_volume_data
문정동 PT 갱년기 가격,,,google_keyword_planner,naver_searchad_keywordtool,,no_volume_data
문정동 PT 갱년기 후기,,,google_keyword_planner,naver_searchad_keywordtool,,no_volume_data
문정동 PT 초보 가격,,,google_keyword_planner,naver_searchad_keywordtool,,no_volume_data
문정동 PT 초보 후기,,,google_keyword_planner,naver_searchad_keywordtool,,no_volume_data
문정동 마사지 허리통증 가격,,,google_keyword_planner,naver_searchad_keywordtool,,no_volume_data
문정동 마사지 허리통증 후기,,,google_keyword_planner,naver_searchad_keywordtool,,no_volume_data
문정동 마사지 갱년기 가격,,,google_keyword_planner,naver_searchad_keywordtool,,no_volume_data
문정동 마사지 갱년기 후기,,,google_keyword_planner,naver_searchad_keywordtool,,no_volume_data
문정동 마사지 초보 가격,,,google_keyword_planner,naver_searchad_keywordtool,,no_volume_data
문정동 마사지 초보 후기,,,google_keyword_planner,naver_searchad_keywordtool,,no_volume_data
문정동 스파 허리통증 가격,,,google_keyword_planner,naver_searchad_keywordtool,,no_volume_data
문정동 스파 허리통증 후기,,,google_keyword_planner,naver_searchad_keywordtool,,no_volume_data
문정동 스파 갱년기 가격,,,google_keyword_planner,naver_searchad_keywordtool,,no_volume_data
문정동 스파 갱년기 후기,,,google_keyword_planner,naver_searchad_keywordtool,,no_volume_data
문정동 스파 초보 가격,,,google_keyword_planner,naver_searchad_keywordtool,,no_volume_data
문정동 스파 초보 후기,,,google_keyword_planner,naver_searchad_keywordtool,,no_volume_data
문정동 도수치료 허리통증 가격,,,google_keyword_planner,naver_searchad_keywordtool,,no_volume_data
문정동 도수치료 허리통증 후기,,,google_keyword_planner,naver_searchad_keywordtool,,no_volume_data
문정동 도수치료 갱년기 가격,,,google_keyword_planner,naver_searchad_keywordtool,,no_volume_data
문정동 도수치료 갱년기 후기,,,google_keyword_planner,naver_searchad_keywordtool,,no_volume_data
문정동 도수치료 초보 가격,,,google_keyword_planner,naver_searchad_keywordtool,,no_volume_data
문정동 도수치료 초보 후기,,,google_keyword_planner,naver_searchad_keywordtool,,no_volume_data
방이동 필라테스 허리통증 가격,,,google_keyword_planner,naver_searchad_keywordtool,,no_volume_data
방이동 필라테스 허리통증 후기,,,google_keyword_planner,naver_searchad_keywordtool,,no_volume_data
방이동 필라테스 갱년기 가격,,,google_keyword_planner,naver_searchad_keywordtool,,no_volume_data
방이동 필라테스 갱년기 후기,,,google_keyword_planner,naver_searchad_keywordtool,,no_volume_data
방이동 필라테스 초보 가격,,,google_keyword_planner,naver_searchad_keywordtool,,no_volume_data
방이동 필라테스 초보 후기,,,google_keyword_planner,naver_searchad_keywordtool,,no_volume_data
방이동 요가 허리통증 가격,,,google_keyword_planner,naver_searchad_keywordtool,,no_volume_data
방이동 요가 허리통증 후기,,,google_keyword_planner,naver_searchad_keywordtool,,no_volume_data
방이동 요가 갱년기 가격,,,google_keyword_planner,naver_searchad_keywordtool,,no_volume_data
방이동 요가 갱년기 후기,,,google_keyword_planner,naver_searchad_keywordtool,,no_volume_data
방이동 요가 초보 가격,,,google_keyword_planner,naver_searchad_keywordtool,,no_volume_data
방이동 요가 초보 후기,,,google_keyword_planner,naver_searchad_keywordtool,,no_volume_data
방이동 PT 허리통증 가격,,,google_keyword_planner,naver_searchad_keywordtool,,no_volume_data
방이동 PT 허리통증 후기,,,google_keyword_planner,naver_searchad_keywordtool,,no_volume_data
방이동 PT 갱년기 가격,,,google_keyword_planner,naver_searchad_keywordtool,,no_volume_data
방이동 PT 갱년기 후기,,,google_keyword_planner,naver_searchad_keywordtool,,no_volume_data
방이동 PT 초보 가격,,,google_keyword_planner,naver_searchad_keywordtool,,no_volume_data
방이동 PT 초보 후기,,,google_keyword_planner,naver_searchad_keywordtool,,no_volume_data
방이동 마사지 허리통증 가격,,,google_keyword_planner,naver_searchad_keywordtool,,no_volume_data
방이동 마사지 허리통증 후기,,,google_keyword_planner,naver_searchad_keywordtool,,no_volume_data
방이동 마사지 갱년기 가격,,,google_keyword_planner,naver_searchad_keywordtool,,no_volume_data
방이동 마사지 갱년기 후기,,,google_keyword_planner,naver_searchad_keywordtool,,no_volume_data
방이동 마사지 초보 가격,,,google_keyword_planner,naver_searchad_keywordtool,,no_volume_data
방이동 마사지 초보 후기,,,google_keyword_planner,naver_searchad_keywordtool,,no_volume_data
방이동 스파 허리통증 가격,,,google_keyword_planner,naver_searchad_keywordtool,,no_volume_data
방이동 스파 허리통증 후기,,,google_keyword_planner,naver_searchad_keywordtool,,no_volume_data
방이동 스파 갱년기 가격,,,google_keyword_planner,naver_searchad_keywordtool,,no_volume_data
방이동 스파 갱년기 후기,,,google_keyword_planner,naver_searchad_keywordtool,,no_volume_data
방이동 스파 초보 가격,,,google_keyword_planner,naver_searchad_keywordtool,,no_volume_data
방이동 스파 초보 후기,,,google_keyword_planner,naver_searchad_keywordtool,,no_volume_data
방이동 도수치료 허리통증 가격,,,google_keyword_planner,naver_searchad_keywordtool,,no_volume_data
방이동 도수치료 허리통증 후기,,,google_keyword_planner,naver_searchad_keywordtool,,no_volume_data
방이동 도수치료 갱년기 가격,,,google_keyword_planner,naver_searchad_keywordtool,,no_volume_data
방이동 도수치료 갱년기 후기,,,google_keyword_planner,naver_searchad_keywordtool,,no_volume_data
방이동 도수치료 초보 가격,,,google_keyword_planner,naver_searchad_keywordtool,,no_volume_data
방이동 도수치료 초보 후기,,,google_keyword_planner,naver_searchad_keywordtool,,no_volume_data
강남역 필라테스 허리통증 가격,,,google_keyword_planner,naver_searchad_keywordtool,,no_volume_data
강남역 필라테스 허리통증 후기,,,google_keyword_planner,naver_searchad_keywordtool,,no_volume_data
강남역 필라테스 갱년기 가격,,,google_keyword_planner,naver_searchad_keywordtool,,no_volume_data
강남역 필라테스 갱년기 후기,,,google_keyword_planner,naver_searchad_keywordtool,,no_volume_data
강남역 필라테스 초보 가격,,,google_keyword_planner,naver_searchad_keywordtool,,no_volume_data
강남역 필라테스 초보 후기,,,google_keyword_planner,naver_searchad_keywordtool,,no_volume_data
강남역 요가 허리통증 가격,,,google_keyword_planner,naver_searchad_keywordtool,,no_volume_data
강남역 요가 허리통증 후기,,,google_keyword_planner,naver_searchad_keywordtool,,no_volume_data
강남역 요가 갱년기 가격,,,google_keyword_planner,naver_searchad_keywordtool,,no_volume_data
강남역 요가 갱년기 후기,,,google_keyword_planner,naver_searchad_keywordtool,,no_volume_data
강남역 요가 초보 가격,,,google_keyword_planner,naver_searchad_keywordtool,,no_volume_data
강남역 요가 초보 후기,,,google_keyword_planner,naver_searchad_keywordtool,,no_volume_data
강남역 PT 허리통증 가격,,,google_keyword_planner,naver_searchad_keywordtool,,no_volume_data
강남역 PT 허리통증 후기,,,google_keyword_planner,naver_searchad_keywordtool,,no_volume_data
강남역 PT 갱년기 가격,,,google_keyword_planner,naver_searchad_keywordtool,,no_volume_data
강남역 PT 갱년기 후기,,,google_keyword_planner,naver_searchad_keywordtool,,no_volume_data
강남역 PT 초보 가격,,,google_keyword_planner,naver_searchad_keywordtool,,no_volume_data
강남역 PT 초보 후기,,,google_keyword_planner,naver_searchad_keywordtool,,no_volume_data
강남역 마사지 허리통증 가격,,,google_keyword_planner,naver_searchad_keywordtool,,no_volume_data
강남역 마사지 허리통증 후기,,,google_keyword_planner,naver_searchad_keywordtool,,no_volume_data
강남역 마사지 갱년기 가격,,,google_keyword_planner,naver_searchad_keywordtool,,no_volume_data
강남역 마사지 갱년기 후기,,,google_keyword_planner,naver_searchad_keywordtool,,no_volume_data
강남역 마사지 초보 가격,,,google_keyword_planner,naver_searchad_keywordtool,,no_volume_data
강남역 마사지 초보 후기,,,google_keyword_planner,naver_searchad_keywordtool,,no_volume_data
강남역 스파 허리통증 가격,,,google_keyword_planner,naver_searchad_keywordtool,,no_volume_data
강남역 스파 허리통증 후기,,,google_keyword_planner,naver_searchad_keywordtool,,no_volume_data
강남역 스파 갱년기 가격,,,google_keyword_planner,naver_searchad_keywordtool,,no_volume_data
강남역 스파 갱년기 후기,,,google_keyword_planner,naver_searchad_keywordtool,,no_volume_data
강남역 스파 초보 가격,,,google_keyword_planner,naver_searchad_keywordtool,,no_volume_data
강남역 스파 초보 후기,,,google_keyword_planner,naver_searchad_keywordtool,,no_volume_data
강남역 도수치료 허리통증 가격,,,google_keyword_planner,naver_searchad_keywordtool,,no_volume_data
강남역 도수치료 허리통증 후기,,,google_keyword_planner,naver_searchad_keywordtool,,no_volume_data
강남역 도수치료 갱년기 가격,,,google_keyword_planner,naver_searchad_keywordtool,,no_volume_data
강남역 도수치료 갱년기 후기,,,google_keyword_planner,naver_searchad_keywordtool,,no_volume_data
강남역 도수치료 초보 가격,,,google_keyword_planner,naver_searchad_keywordtool,,no_volume_data
강남역 도수치료 초보 후기,,,google_keyword_planner,naver_searchad_keywordtool,,no_volume_data
선릉역 필라테스 허리통증 가격,,,google_keyword_planner,naver_searchad_keywordtool,,no_volume_data
선릉역 필라테스 허리통증 후기,,,google_keyword_planner,naver_searchad_keywordtool,,no_volume_data
선릉역 필라테스 갱년기 가격,,,google_keyword_planner,naver_searchad_keywordtool,,no_volume_data
선릉역 필라테스 갱년기 후기,,,google_keyword_planner,naver_searchad_keywordtool,,no_volume_data
선릉역 필라테스 초보 가격,,,google_keyword_planner,naver_searchad_keywordtool,,no_volume_data
선릉역 필라테스 초보 후기,,,google_keyword_planner,naver_searchad_keywordtool,,no_volume_data
선릉역 요가 허리통증 가격,,,google_keyword_planner,naver_searchad_keywordtool,,no_volume_data
선릉역 요가 허리통증 후기,,,google_keyword_planner,naver_searchad_keywordtool,,no_volume_data
선릉역 요가 갱년기 가격,,,google_keyword_planner,naver_searchad_keywordtool,,no_volume_data
선릉역 요가 갱년기 후기,,,google_keyword_planner,naver_searchad_keywordtool,,no_volume_data
선릉역 요가 초보 가격,,,google_keyword_planner,naver_searchad_keywordtool,,no_volume_data
선릉역 요가 초보 후기,,,google_keyword_planner,naver_searchad_keywordtool,,no_volume_data
선릉역 PT 허리통증 가격,,,google_keyword_planner,naver_searchad_keywordtool,,no_volume_data
선릉역 PT 허리통증 후기,,,google_keyword_planner,naver_searchad_keywordtool,,no_volume_data
선릉역 PT 갱년기 가격,,,google_keyword_planner,naver_searchad_keywordtool,,no_volume_data
선릉역 PT 갱년기 후기,,,google_keyword_planner,naver_searchad_keywordtool,,no_volume_data
선릉역 PT 초보 가격,,,google_keyword_planner,naver_searchad_keywordtool,,no_volume_data
선릉역 PT 초보 후기,,,google_keyword_planner,naver_searchad_keywordtool,,no_volume_data
선릉역 마사지 허리통증 가격,,,google_keyword_planner,naver_searchad_keywordtool,,no_volume_data
선릉역 마사지 허리통증 후기,,,google_keyword_planner,naver_searchad_keywordtool,,no_volume_data
선릉역 마사지 갱년기 가격,,,google_keyword_planner,naver_searchad_keywordtool,,no_volume_data
선릉역 마사지 갱년기 후기,,,google_keyword_planner,naver_searchad_keywordtool,,no_volume_data
선릉역 마사지 초보 가격,,,google_keyword_planner,naver_searchad_keywordtool,,no_volume_data
선릉역 마사지 초보 후기,,,google_keyword_planner,naver_searchad_keywordtool,,no_volume_data
선릉역 스파 허리통증 가격,,,google_keyword_planner,naver_searchad_keywordtool,,no_volume_data
선릉역 스파 허리통증 후기,,,google_keyword_planner,naver_searchad_keywordtool,,no_volume_data
선릉역 스파 갱년기 가격,,,google_keyword_planner,naver_searchad_keywordtool,,no_volume_data
선릉역 스파 갱년기 후기,,,google_keyword_planner,naver_searchad_keywordtool,,no_volume_data
선릉역 스파 초보 가격,,,google_keyword_planner,naver_searchad_keywordtool,,no_volume_data
선릉역 스파 초보 후기,,,google_keyword_planner,naver_searchad_keywordtool,,no_volume_data
선릉역 도수치료 허리통증 가격,,,google_keyword_planner,naver_searchad_keywordtool,,no_volume_data
선릉역 도수치료 허리통증 후기,,,google_keyword_planner,naver_searchad_keywordtool,,no_volume_data
선릉역 도수치료 갱년기 가격,,,google_keyword_planner,naver_searchad_keywordtool,,no_volume_data
선릉역 도수치료 갱년기 후기,,,google_keyword_planner,naver_searchad_keywordtool,,no_volume_data
선릉역 도수치료 초보 가격,,,google_keyword_planner,naver_searchad_keywordtool,,no_volume_data
선릉역 도수치료 초보 후기,,,google_keyword_planner,naver_searchad_keywordtool,,no_volume_data
