source,seq,requested_at,url,http_status,elapsed_ms,body_sha256
official_website,1,2026-08-03T00:00:00.000Z,https://www.fixture-a.example/venue/001,200,100,fb75f356e14cca0c41bed92ca14486ccbda887cc693c8421497e237c43e63a93
official_website,2,2026-08-03T00:00:02.000Z,https://www.fixture-a.example/venue/002,200,100,84bce9163b11e88f542d56d6f5ddfba5db7de2c93b2c71fe6167c496c19a0ff7
official_website,3,2026-08-03T00:00:04.000Z,https://www.fixture-a.example/venue/003,200,100,835e3eeaa44f698f6043c655b74f78bacacc7160155cecd500339b96eae7e827
official_website,4,2026-08-03T00:00:06.000Z,https://www.fixture-a.example/venue/004,200,100,88d20cfbbcfbf35d590816dcc0b2df3f438a6b2f91eebaf473903c9ce7fb3e03
official_website,5,2026-08-03T00:00:08.000Z,https://www.fixture-a.example/venue/005,200,100,23128d9e48a1f6ac929a478e734a74f01ca55c2cacc36a54692c6e4931ca6cd0
official_website,6,2026-08-03T00:00:10.000Z,https://www.fixture-a.example/venue/006,200,100,1c4c11174d12d4de9665605a57aee397454b872f3060d7916455381e8403d3ac
official_website,7,2026-08-03T00:00:12.000Z,https://www.fixture-a.example/venue/007,200,100,32a894cfa7afa305bbd3e32ab6a433c12fea2438f7913d55c4bfdd9ba624283e
official_website,8,2026-08-03T00:00:14.000Z,https://www.fixture-a.example/venue/008,200,100,9ab0db061deddf9775e07821d50ef7d24d7a316cda1150768e840d2182268dad
official_website,9,2026-08-03T00:00:16.000Z,https://www.fixture-a.example/venue/009,200,100,8cad3a7356ef3c72f5233593deb1b08517d1eed0acb6cb292fe4efb4f3241916
official_website,10,2026-08-03T00:00:18.000Z,https://www.fixture-a.example/venue/010,200,100,2c9119d2457fcfb78cf126fbbf0ad7e83de414b277f73ed690ee7b172037222e
official_website,11,2026-08-03T00:00:20.000Z,https://www.fixture-a.example/list?page=1,200,100,400d2baa9414f87badd683d085686c605c55f9e815debd121cf6c77e2375a659
official_website,12,2026-08-03T00:00:22.000Z,https://www.fixture-a.example/list?page=2,200,100,88ed49a511e0f84e6773142792e9fccbd97e030eeb822179332644c895de6bce
official_website,13,2026-08-03T00:00:24.000Z,https://www.fixture-a.example/list?page=3,200,100,26debfa74c4a65ede318354f5b89f8f30f6609ad4a86a4093a94dab0a6872bd4
official_website,14,2026-08-03T00:00:26.000Z,https://www.fixture-a.example/list?page=4,200,100,ad5125a6a76249e647231737bcb16158ffc4de7ea004d77d0c26527e64aaf1ec
official_website,15,2026-08-03T00:00:28.000Z,https://www.fixture-a.example/list?page=5,200,100,43ff65cae5e3f0e8c88f3c5fa9b95682304c62557331a572279fe0c35ddf5158
official_website,16,2026-08-03T00:00:30.000Z,https://www.fixture-a.example/list?page=6,200,100,14c1a517daef7aa49d5e1a5355ffb330eef7c31d59e7bbc581f3fbd8ecb09129
official_website,17,2026-08-03T00:00:32.000Z,https://www.fixture-a.example/list?page=7,200,100,e2d1f8d809a1fac86daa52a0f7ee3f8815447ec4ca6c1d87a681e2d3e50850c9
official_website,18,2026-08-03T00:00:34.000Z,https://www.fixture-a.example/list?page=8,200,100,9f7028ead5a34a0d0837baf3e99f7c6d7d7801422dd065254d6d8b6ccd5ea4b1
official_website,19,2026-08-03T00:00:36.000Z,https://www.fixture-a.example/list?page=9,200,100,8f8cdb05bbbf77f37e9c37369b8960ae2b269bd35cac32498d4ddf82ba64b4ec
official_website,20,2026-08-03T00:00:38.000Z,https://www.fixture-a.example/robots.txt,200,100,4e1917d5b406b3ae99aa59b673ed55e5728d5613dc613c502989e0e669decbd9
alt_one,1,2026-08-03T00:00:00.000Z,https://www.fixture-b.example/venue/001,200,100,b8f4f7aa31f1ec1dfe20b4fbceab18ad3e30cbb6d6931c2043abd52f8f5585a6
alt_one,2,2026-08-03T00:00:12.000Z,https://www.fixture-b.example/venue/002,200,100,ca14aeaa2fb66c6f7a90878ed70b102671475549a189d9a80cb2554dd02114ac
alt_one,3,2026-08-03T00:00:24.000Z,https://www.fixture-b.example/venue/003,200,100,9ad21119bb8c082e082955e1f81553963b97ca695f4ebb0f26a406f8a412465b
alt_one,4,2026-08-03T00:00:36.000Z,https://www.fixture-b.example/venue/004,200,100,43c238235581fb3f29c93e56911850948a13cd244ed3d7e0840b3dc602f2b06c
alt_one,5,2026-08-03T00:00:48.000Z,https://www.fixture-b.example/venue/005,200,100,9751574b5f41ef5b6cf19cb363c6dd50a67f8de33be5a400d006d50dfcbdcc93
alt_one,6,2026-08-03T00:01:00.000Z,https://www.fixture-b.example/venue/006,200,100,830be9ca2bf40a9e99bfdbe6d2a8da168ee989f12e6210a397801d3ddee9e5a0
alt_one,7,2026-08-03T00:01:12.000Z,https://www.fixture-b.example/venue/007,200,100,393d9f22f1aac5d1507930067225a5472cea7581ea1812856bce6c4f996fb01e
alt_one,8,2026-08-03T00:01:24.000Z,https://www.fixture-b.example/venue/008,200,100,7b53c6611fa8ec3c3c927c793d0c07178474da6be63ab07d3f9919d5e46f5d29
alt_one,9,2026-08-03T00:01:36.000Z,https://www.fixture-b.example/venue/009,200,100,1c55d3989722950d9104d7b64efb8eaa40b47df8221eae33f5752f49deb2a032
alt_one,10,2026-08-03T00:01:48.000Z,https://www.fixture-b.example/venue/010,200,100,8749c5cd0ad09fa41884cc67eef00c81da6dbd7fd131780a0e5bc941b81e6771
alt_one,11,2026-08-03T00:02:00.000Z,https://www.fixture-b.example/list?page=1,200,100,580e1f8adc5197cfc9a2f6ff0aca2599653a7203eb5f4297526bcab523f06872
alt_one,12,2026-08-03T00:02:12.000Z,https://www.fixture-b.example/list?page=2,200,100,0112266cb7c2e0eb02600b9c5e5418511d3551dd501effdd6b901b6145e28b36
alt_one,13,2026-08-03T00:02:24.000Z,https://www.fixture-b.example/list?page=3,200,100,c8cd5aa7e11a478fbb27d1e3ee00421b5b4514069277236df3651939f07c7045
alt_one,14,2026-08-03T00:02:36.000Z,https://www.fixture-b.example/list?page=4,200,100,5eb8bce52db284e2b4d764f7a7b2c4f17781ce7af6f1801ac3bf25f1c4ffe286
alt_one,15,2026-08-03T00:02:48.000Z,https://www.fixture-b.example/list?page=5,200,100,1e8ec2e6db06a44b271908cbe02da42994da4dcc1b051b73f53afb2c2cdd7988
alt_one,16,2026-08-03T00:03:00.000Z,https://www.fixture-b.example/list?page=6,200,100,6e4895192db2c15d5ee44b19781d07ac4071a403dfc9a953df3e567f0e1862df
alt_one,17,2026-08-03T00:03:12.000Z,https://www.fixture-b.example/list?page=7,200,100,c1213b6ec6417eecd7c509b3a763cd7194fbbedeaa458ed310a01dbe67a834b6
alt_one,18,2026-08-03T00:03:24.000Z,https://www.fixture-b.example/list?page=8,200,100,d7af58e31f7490cc887c47ce6c95ce3b6ee10cc03c8e1ec42d7a0f2a9b2b2d2f
alt_one,19,2026-08-03T00:03:36.000Z,https://www.fixture-b.example/list?page=9,200,100,4397d92dcdfa6638a6d11a69bd26211676565dd480a22db420d28e6fc0ce3ff3
alt_one,20,2026-08-03T00:03:48.000Z,https://www.fixture-b.example/robots.txt,200,100,cde814bc831bf793362179fa9b005b79e28c2ffa18c840ebb67d17ba02d8c6f5
