keyword,engine,http_status,bytes,snapshot_sha256,parsed_domain_count,parsed_domains,login_markers
강남구 필라테스 허리통증 가격,naver,200,722458,eeb9c6bca1974bb5f41c48bfaf70c983df5f3b206fe5efa934fa7ecfd1ddb7f2,10,www.daangn.com|www.daangn.com|blog.naver.com|blog.naver.com|www.woondoc.com|www.woondoc.com|sport.milaelo.com|blog.naver.com|blog.naver.com|blog.naver.com,
강남구 필라테스 허리통증 가격,google,200,90945,bb1ada7220ca378e5405717311687895f429b078139e515c1d5260b44aa13831,0,,
송파구 마사지 허리통증 가격,naver,200,700396,b688a9f83e996999baee7ebfe7d22920d29d7e2f98c3ba3c98c3e199dfd5ab58,10,blog.naver.com|blog.naver.com|blog.naver.com|blog.naver.com|blog.naver.com|blog.naver.com|blog.naver.com|blog.naver.com|massagepick.com|www.waug.com,
송파구 마사지 허리통증 가격,google,200,90960,6cdb99307e94c426f7dd23467130919e4d5128be1aa71defa869b52c19b4eb46,0,,
논현동 필라테스 허리통증 가격,naver,200,788415,a626545e3e3802ec14231c0ef5980f52c93b1f4bd16300184c7210558632a9c4,10,blog.naver.com|blog.naver.com|blog.naver.com|blog.naver.com|www.da-gym.co.kr|www.woondoc.com|pf.kakao.com|blog.naver.com|www.instagram.com|pf.kakao.com,
논현동 필라테스 허리통증 가격,google,200,90919,303e97489abab87e5ae68d9f9cae1194e8f2982cc55ad536b24ad9b6b9aed204,0,,
압구정동 마사지 허리통증 가격,naver,200,330045,29c090f2a3376896841cc53006d27de8343db6a4509bbbc7f03f383e9d0ca524,10,in.naver.com|blog.naver.com|www.kyouhand.com|blog.naver.com|blog.naver.com|blog.naver.com|blog.naver.com|blog.naver.com|blog.naver.com|blog.naver.com,
압구정동 마사지 허리통증 가격,google,200,91080,87fafa4ada0ea93b505d9460245607753ba964017a9c190d180687378803ed05,0,,
신사동 필라테스 허리통증 가격,naver,200,350420,46fd9bcc3a96746ee04bd1e390ae6d31adfb3d07fddf0444007545dc78ab980e,10,blog.naver.com|blog.naver.com|www.goodoc.co.kr|www.woondoc.com|www.daangn.com|www.daangn.com|blog.naver.com|blog.naver.com|blog.naver.com|blog.naver.com,
신사동 필라테스 허리통증 가격,google,200,91195,6b2ef5226a0445bd342ddbde8679153b4327250448cd3d261be61662d322c5ce,0,,
반포동 마사지 허리통증 가격,naver,200,651234,cdfc5e3992d096f9666c053033c6b88cf7d2cd7f6097b3ef871225239dd8a7f8,10,www.makangs.com|www.makangs.com|www.daangn.com|www.daangn.com|blog.naver.com|blog.naver.com|blog.naver.com|blog.naver.com|blog.naver.com|blog.naver.com,
반포동 마사지 허리통증 가격,google,200,91031,2c9c7d0e0c8ee9e79a05d325cfe54ca1c5e4ed3e8474938ef53b994ad3a56b6d,0,,
잠실동 필라테스 허리통증 가격,naver,200,317170,06b371f79e3e8588da34235b1aa488530a0de72969b88fbc9362c33d468c3f74,10,www.daangn.com|www.daangn.com|www.da-gym.co.kr|blog.naver.com|blog.naver.com|blog.naver.com|blog.naver.com|blog.naver.com|blog.naver.com|blog.naver.com,
잠실동 필라테스 허리통증 가격,google,200,91217,54afe64e1fb4216ee6f313b63c1b2a88665cdcbedcfd74e9e3fc696a1a24108f,0,,
방이동 마사지 허리통증 가격,naver,200,664940,af1f053661eae8907aa33b9c5ae681f7c4006bdf2fe61aa916b44df22937dc4b,10,blog.naver.com|blog.naver.com|blog.naver.com|blog.naver.com|blog.naver.com|blog.naver.com|blog.naver.com|blog.naver.com|pain.hansangsoo.com|ryoenjoy.com,
방이동 마사지 허리통증 가격,google,200,90990,2a1831cd46eac3b4a046413719917ed7b8add091056b3b6975b332ee56e2cfae,0,,
