keyword,region,axis,need,intent,axis_group
강남구 필라테스 허리통증 가격,강남구,필라테스,허리통증,가격,운동·바디
강남구 필라테스 허리통증 후기,강남구,필라테스,허리통증,후기,운동·바디
강남구 필라테스 갱년기 가격,강남구,필라테스,갱년기,가격,운동·바디
강남구 필라테스 갱년기 후기,강남구,필라테스,갱년기,후기,운동·바디
강남구 필라테스 초보 가격,강남구,필라테스,초보,가격,운동·바디
강남구 필라테스 초보 후기,강남구,필라테스,초보,후기,운동·바디
강남구 요가 허리통증 가격,강남구,요가,허리통증,가격,운동·바디
강남구 요가 허리통증 후기,강남구,요가,허리통증,후기,운동·바디
강남구 요가 갱년기 가격,강남구,요가,갱년기,가격,운동·바디
강남구 요가 갱년기 후기,강남구,요가,갱년기,후기,운동·바디
강남구 요가 초보 가격,강남구,요가,초보,가격,운동·바디
강남구 요가 초보 후기,강남구,요가,초보,후기,운동·바디
강남구 PT 허리통증 가격,강남구,PT,허리통증,가격,운동·바디
강남구 PT 허리통증 후기,강남구,PT,허리통증,후기,운동·바디
강남구 PT 갱년기 가격,강남구,PT,갱년기,가격,운동·바디
강남구 PT 갱년기 후기,강남구,PT,갱년기,후기,운동·바디
강남구 PT 초보 가격,강남구,PT,초보,가격,운동·바디
강남구 PT 초보 후기,강남구,PT,초보,후기,운동·바디
강남구 마사지 허리통증 가격,강남구,마사지,허리통증,가격,릴렉스·회복
강남구 마사지 허리통증 후기,강남구,마사지,허리통증,후기,릴렉스·회복
강남구 마사지 갱년기 가격,강남구,마사지,갱년기,가격,릴렉스·회복
강남구 마사지 갱년기 후기,강남구,마사지,갱년기,후기,릴렉스·회복
강남구 마사지 초보 가격,강남구,마사지,초보,가격,릴렉스·회복
강남구 마사지 초보 후기,강남구,마사지,초보,후기,릴렉스·회복
강남구 스파 허리통증 가격,강남구,스파,허리통증,가격,릴렉스·회복
강남구 스파 허리통증 후기,강남구,스파,허리통증,후기,릴렉스·회복
강남구 스파 갱년기 가격,강남구,스파,갱년기,가격,릴렉스·회복
강남구 스파 갱년기 후기,강남구,스파,갱년기,후기,릴렉스·회복
강남구 스파 초보 가격,강남구,스파,초보,가격,릴렉스·회복
강남구 스파 초보 후기,강남구,스파,초보,후기,릴렉스·회복
강남구 도수치료 허리통증 가격,강남구,도수치료,허리통증,가격,메디컬 웰니스
강남구 도수치료 허리통증 후기,강남구,도수치료,허리통증,후기,메디컬 웰니스
강남구 도수치료 갱년기 가격,강남구,도수치료,갱년기,가격,메디컬 웰니스
강남구 도수치료 갱년기 후기,강남구,도수치료,갱년기,후기,메디컬 웰니스
강남구 도수치료 초보 가격,강남구,도수치료,초보,가격,메디컬 웰니스
강남구 도수치료 초보 후기,강남구,도수치료,초보,후기,메디컬 웰니스
서초구 필라테스 허리통증 가격,서초구,필라테스,허리통증,가격,운동·바디
서초구 필라테스 허리통증 후기,서초구,필라테스,허리통증,후기,운동·바디
서초구 필라테스 갱년기 가격,서초구,필라테스,갱년기,가격,운동·바디
서초구 필라테스 갱년기 후기,서초구,필라테스,갱년기,후기,운동·바디
서초구 필라테스 초보 가격,서초구,필라테스,초보,가격,운동·바디
서초구 필라테스 초보 후기,서초구,필라테스,초보,후기,운동·바디
서초구 요가 허리통증 가격,서초구,요가,허리통증,가격,운동·바디
서초구 요가 허리통증 후기,서초구,요가,허리통증,후기,운동·바디
서초구 요가 갱년기 가격,서초구,요가,갱년기,가격,운동·바디
서초구 요가 갱년기 후기,서초구,요가,갱년기,후기,운동·바디
서초구 요가 초보 가격,서초구,요가,초보,가격,운동·바디
서초구 요가 초보 후기,서초구,요가,초보,후기,운동·바디
서초구 PT 허리통증 가격,서초구,PT,허리통증,가격,운동·바디
서초구 PT 허리통증 후기,서초구,PT,허리통증,후기,운동·바디
서초구 PT 갱년기 가격,서초구,PT,갱년기,가격,운동·바디
서초구 PT 갱년기 후기,서초구,PT,갱년기,후기,운동·바디
서초구 PT 초보 가격,서초구,PT,초보,가격,운동·바디
서초구 PT 초보 후기,서초구,PT,초보,후기,운동·바디
서초구 마사지 허리통증 가격,서초구,마사지,허리통증,가격,릴렉스·회복
서초구 마사지 허리통증 후기,서초구,마사지,허리통증,후기,릴렉스·회복
서초구 마사지 갱년기 가격,서초구,마사지,갱년기,가격,릴렉스·회복
서초구 마사지 갱년기 후기,서초구,마사지,갱년기,후기,릴렉스·회복
서초구 마사지 초보 가격,서초구,마사지,초보,가격,릴렉스·회복
서초구 마사지 초보 후기,서초구,마사지,초보,후기,릴렉스·회복
서초구 스파 허리통증 가격,서초구,스파,허리통증,가격,릴렉스·회복
서초구 스파 허리통증 후기,서초구,스파,허리통증,후기,릴렉스·회복
서초구 스파 갱년기 가격,서초구,스파,갱년기,가격,릴렉스·회복
서초구 스파 갱년기 후기,서초구,스파,갱년기,후기,릴렉스·회복
서초구 스파 초보 가격,서초구,스파,초보,가격,릴렉스·회복
서초구 스파 초보 후기,서초구,스파,초보,후기,릴렉스·회복
서초구 도수치료 허리통증 가격,서초구,도수치료,허리통증,가격,메디컬 웰니스
서초구 도수치료 허리통증 후기,서초구,도수치료,허리통증,후기,메디컬 웰니스
서초구 도수치료 갱년기 가격,서초구,도수치료,갱년기,가격,메디컬 웰니스
서초구 도수치료 갱년기 후기,서초구,도수치료,갱년기,후기,메디컬 웰니스
서초구 도수치료 초보 가격,서초구,도수치료,초보,가격,메디컬 웰니스
서초구 도수치료 초보 후기,서초구,도수치료,초보,후기,메디컬 웰니스
송파구 필라테스 허리통증 가격,송파구,필라테스,허리통증,가격,운동·바디
송파구 필라테스 허리통증 후기,송파구,필라테스,허리통증,후기,운동·바디
송파구 필라테스 갱년기 가격,송파구,필라테스,갱년기,가격,운동·바디
송파구 필라테스 갱년기 후기,송파구,필라테스,갱년기,후기,운동·바디
송파구 필라테스 초보 가격,송파구,필라테스,초보,가격,운동·바디
송파구 필라테스 초보 후기,송파구,필라테스,초보,후기,운동·바디
송파구 요가 허리통증 가격,송파구,요가,허리통증,가격,운동·바디
송파구 요가 허리통증 후기,송파구,요가,허리통증,후기,운동·바디
송파구 요가 갱년기 가격,송파구,요가,갱년기,가격,운동·바디
송파구 요가 갱년기 후기,송파구,요가,갱년기,후기,운동·바디
송파구 요가 초보 가격,송파구,요가,초보,가격,운동·바디
송파구 요가 초보 후기,송파구,요가,초보,후기,운동·바디
송파구 PT 허리통증 가격,송파구,PT,허리통증,가격,운동·바디
송파구 PT 허리통증 후기,송파구,PT,허리통증,후기,운동·바디
송파구 PT 갱년기 가격,송파구,PT,갱년기,가격,운동·바디
송파구 PT 갱년기 후기,송파구,PT,갱년기,후기,운동·바디
송파구 PT 초보 가격,송파구,PT,초보,가격,운동·바디
송파구 PT 초보 후기,송파구,PT,초보,후기,운동·바디
송파구 마사지 허리통증 가격,송파구,마사지,허리통증,가격,릴렉스·회복
송파구 마사지 허리통증 후기,송파구,마사지,허리통증,후기,릴렉스·회복
송파구 마사지 갱년기 가격,송파구,마사지,갱년기,가격,릴렉스·회복
송파구 마사지 갱년기 후기,송파구,마사지,갱년기,후기,릴렉스·회복
송파구 마사지 초보 가격,송파구,마사지,초보,가격,릴렉스·회복
송파구 마사지 초보 후기,송파구,마사지,초보,후기,릴렉스·회복
송파구 스파 허리통증 가격,송파구,스파,허리통증,가격,릴렉스·회복
송파구 스파 허리통증 후기,송파구,스파,허리통증,후기,릴렉스·회복
송파구 스파 갱년기 가격,송파구,스파,갱년기,가격,릴렉스·회복
송파구 스파 갱년기 후기,송파구,스파,갱년기,후기,릴렉스·회복
송파구 스파 초보 가격,송파구,스파,초보,가격,릴렉스·회복
송파구 스파 초보 후기,송파구,스파,초보,후기,릴렉스·회복
송파구 도수치료 허리통증 가격,송파구,도수치료,허리통증,가격,메디컬 웰니스
송파구 도수치료 허리통증 후기,송파구,도수치료,허리통증,후기,메디컬 웰니스
송파구 도수치료 갱년기 가격,송파구,도수치료,갱년기,가격,메디컬 웰니스
송파구 도수치료 갱년기 후기,송파구,도수치료,갱년기,후기,메디컬 웰니스
송파구 도수치료 초보 가격,송파구,도수치료,초보,가격,메디컬 웰니스
송파구 도수치료 초보 후기,송파구,도수치료,초보,후기,메디컬 웰니스
역삼동 필라테스 허리통증 가격,역삼동,필라테스,허리통증,가격,운동·바디
역삼동 필라테스 허리통증 후기,역삼동,필라테스,허리통증,후기,운동·바디
역삼동 필라테스 갱년기 가격,역삼동,필라테스,갱년기,가격,운동·바디
역삼동 필라테스 갱년기 후기,역삼동,필라테스,갱년기,후기,운동·바디
역삼동 필라테스 초보 가격,역삼동,필라테스,초보,가격,운동·바디
역삼동 필라테스 초보 후기,역삼동,필라테스,초보,후기,운동·바디
역삼동 요가 허리통증 가격,역삼동,요가,허리통증,가격,운동·바디
역삼동 요가 허리통증 후기,역삼동,요가,허리통증,후기,운동·바디
역삼동 요가 갱년기 가격,역삼동,요가,갱년기,가격,운동·바디
역삼동 요가 갱년기 후기,역삼동,요가,갱년기,후기,운동·바디
역삼동 요가 초보 가격,역삼동,요가,초보,가격,운동·바디
역삼동 요가 초보 후기,역삼동,요가,초보,후기,운동·바디
역삼동 PT 허리통증 가격,역삼동,PT,허리통증,가격,운동·바디
역삼동 PT 허리통증 후기,역삼동,PT,허리통증,후기,운동·바디
역삼동 PT 갱년기 가격,역삼동,PT,갱년기,가격,운동·바디
역삼동 PT 갱년기 후기,역삼동,PT,갱년기,후기,운동·바디
역삼동 PT 초보 가격,역삼동,PT,초보,가격,운동·바디
역삼동 PT 초보 후기,역삼동,PT,초보,후기,운동·바디
역삼동 마사지 허리통증 가격,역삼동,마사지,허리통증,가격,릴렉스·회복
역삼동 마사지 허리통증 후기,역삼동,마사지,허리통증,후기,릴렉스·회복
역삼동 마사지 갱년기 가격,역삼동,마사지,갱년기,가격,릴렉스·회복
역삼동 마사지 갱년기 후기,역삼동,마사지,갱년기,후기,릴렉스·회복
역삼동 마사지 초보 가격,역삼동,마사지,초보,가격,릴렉스·회복
역삼동 마사지 초보 후기,역삼동,마사지,초보,후기,릴렉스·회복
역삼동 스파 허리통증 가격,역삼동,스파,허리통증,가격,릴렉스·회복
역삼동 스파 허리통증 후기,역삼동,스파,허리통증,후기,릴렉스·회복
역삼동 스파 갱년기 가격,역삼동,스파,갱년기,가격,릴렉스·회복
역삼동 스파 갱년기 후기,역삼동,스파,갱년기,후기,릴렉스·회복
역삼동 스파 초보 가격,역삼동,스파,초보,가격,릴렉스·회복
역삼동 스파 초보 후기,역삼동,스파,초보,후기,릴렉스·회복
역삼동 도수치료 허리통증 가격,역삼동,도수치료,허리통증,가격,메디컬 웰니스
역삼동 도수치료 허리통증 후기,역삼동,도수치료,허리통증,후기,메디컬 웰니스
역삼동 도수치료 갱년기 가격,역삼동,도수치료,갱년기,가격,메디컬 웰니스
역삼동 도수치료 갱년기 후기,역삼동,도수치료,갱년기,후기,메디컬 웰니스
역삼동 도수치료 초보 가격,역삼동,도수치료,초보,가격,메디컬 웰니스
역삼동 도수치료 초보 후기,역삼동,도수치료,초보,후기,메디컬 웰니스
삼성동 필라테스 허리통증 가격,삼성동,필라테스,허리통증,가격,운동·바디
삼성동 필라테스 허리통증 후기,삼성동,필라테스,허리통증,후기,운동·바디
삼성동 필라테스 갱년기 가격,삼성동,필라테스,갱년기,가격,운동·바디
삼성동 필라테스 갱년기 후기,삼성동,필라테스,갱년기,후기,운동·바디
삼성동 필라테스 초보 가격,삼성동,필라테스,초보,가격,운동·바디
삼성동 필라테스 초보 후기,삼성동,필라테스,초보,후기,운동·바디
삼성동 요가 허리통증 가격,삼성동,요가,허리통증,가격,운동·바디
삼성동 요가 허리통증 후기,삼성동,요가,허리통증,후기,운동·바디
삼성동 요가 갱년기 가격,삼성동,요가,갱년기,가격,운동·바디
삼성동 요가 갱년기 후기,삼성동,요가,갱년기,후기,운동·바디
삼성동 요가 초보 가격,삼성동,요가,초보,가격,운동·바디
삼성동 요가 초보 후기,삼성동,요가,초보,후기,운동·바디
삼성동 PT 허리통증 가격,삼성동,PT,허리통증,가격,운동·바디
삼성동 PT 허리통증 후기,삼성동,PT,허리통증,후기,운동·바디
삼성동 PT 갱년기 가격,삼성동,PT,갱년기,가격,운동·바디
삼성동 PT 갱년기 후기,삼성동,PT,갱년기,후기,운동·바디
삼성동 PT 초보 가격,삼성동,PT,초보,가격,운동·바디
삼성동 PT 초보 후기,삼성동,PT,초보,후기,운동·바디
삼성동 마사지 허리통증 가격,삼성동,마사지,허리통증,가격,릴렉스·회복
삼성동 마사지 허리통증 후기,삼성동,마사지,허리통증,후기,릴렉스·회복
삼성동 마사지 갱년기 가격,삼성동,마사지,갱년기,가격,릴렉스·회복
삼성동 마사지 갱년기 후기,삼성동,마사지,갱년기,후기,릴렉스·회복
삼성동 마사지 초보 가격,삼성동,마사지,초보,가격,릴렉스·회복
삼성동 마사지 초보 후기,삼성동,마사지,초보,후기,릴렉스·회복
삼성동 스파 허리통증 가격,삼성동,스파,허리통증,가격,릴렉스·회복
삼성동 스파 허리통증 후기,삼성동,스파,허리통증,후기,릴렉스·회복
삼성동 스파 갱년기 가격,삼성동,스파,갱년기,가격,릴렉스·회복
삼성동 스파 갱년기 후기,삼성동,스파,갱년기,후기,릴렉스·회복
삼성동 스파 초보 가격,삼성동,스파,초보,가격,릴렉스·회복
삼성동 스파 초보 후기,삼성동,스파,초보,후기,릴렉스·회복
삼성동 도수치료 허리통증 가격,삼성동,도수치료,허리통증,가격,메디컬 웰니스
삼성동 도수치료 허리통증 후기,삼성동,도수치료,허리통증,후기,메디컬 웰니스
삼성동 도수치료 갱년기 가격,삼성동,도수치료,갱년기,가격,메디컬 웰니스
삼성동 도수치료 갱년기 후기,삼성동,도수치료,갱년기,후기,메디컬 웰니스
삼성동 도수치료 초보 가격,삼성동,도수치료,초보,가격,메디컬 웰니스
삼성동 도수치료 초보 후기,삼성동,도수치료,초보,후기,메디컬 웰니스
논현동 필라테스 허리통증 가격,논현동,필라테스,허리통증,가격,운동·바디
논현동 필라테스 허리통증 후기,논현동,필라테스,허리통증,후기,운동·바디
논현동 필라테스 갱년기 가격,논현동,필라테스,갱년기,가격,운동·바디
논현동 필라테스 갱년기 후기,논현동,필라테스,갱년기,후기,운동·바디
논현동 필라테스 초보 가격,논현동,필라테스,초보,가격,운동·바디
논현동 필라테스 초보 후기,논현동,필라테스,초보,후기,운동·바디
논현동 요가 허리통증 가격,논현동,요가,허리통증,가격,운동·바디
논현동 요가 허리통증 후기,논현동,요가,허리통증,후기,운동·바디
논현동 요가 갱년기 가격,논현동,요가,갱년기,가격,운동·바디
논현동 요가 갱년기 후기,논현동,요가,갱년기,후기,운동·바디
논현동 요가 초보 가격,논현동,요가,초보,가격,운동·바디
논현동 요가 초보 후기,논현동,요가,초보,후기,운동·바디
논현동 PT 허리통증 가격,논현동,PT,허리통증,가격,운동·바디
논현동 PT 허리통증 후기,논현동,PT,허리통증,후기,운동·바디
논현동 PT 갱년기 가격,논현동,PT,갱년기,가격,운동·바디
논현동 PT 갱년기 후기,논현동,PT,갱년기,후기,운동·바디
논현동 PT 초보 가격,논현동,PT,초보,가격,운동·바디
논현동 PT 초보 후기,논현동,PT,초보,후기,운동·바디
논현동 마사지 허리통증 가격,논현동,마사지,허리통증,가격,릴렉스·회복
논현동 마사지 허리통증 후기,논현동,마사지,허리통증,후기,릴렉스·회복
논현동 마사지 갱년기 가격,논현동,마사지,갱년기,가격,릴렉스·회복
논현동 마사지 갱년기 후기,논현동,마사지,갱년기,후기,릴렉스·회복
논현동 마사지 초보 가격,논현동,마사지,초보,가격,릴렉스·회복
논현동 마사지 초보 후기,논현동,마사지,초보,후기,릴렉스·회복
논현동 스파 허리통증 가격,논현동,스파,허리통증,가격,릴렉스·회복
논현동 스파 허리통증 후기,논현동,스파,허리통증,후기,릴렉스·회복
논현동 스파 갱년기 가격,논현동,스파,갱년기,가격,릴렉스·회복
논현동 스파 갱년기 후기,논현동,스파,갱년기,후기,릴렉스·회복
논현동 스파 초보 가격,논현동,스파,초보,가격,릴렉스·회복
논현동 스파 초보 후기,논현동,스파,초보,후기,릴렉스·회복
논현동 도수치료 허리통증 가격,논현동,도수치료,허리통증,가격,메디컬 웰니스
논현동 도수치료 허리통증 후기,논현동,도수치료,허리통증,후기,메디컬 웰니스
논현동 도수치료 갱년기 가격,논현동,도수치료,갱년기,가격,메디컬 웰니스
논현동 도수치료 갱년기 후기,논현동,도수치료,갱년기,후기,메디컬 웰니스
논현동 도수치료 초보 가격,논현동,도수치료,초보,가격,메디컬 웰니스
논현동 도수치료 초보 후기,논현동,도수치료,초보,후기,메디컬 웰니스
청담동 필라테스 허리통증 가격,청담동,필라테스,허리통증,가격,운동·바디
청담동 필라테스 허리통증 후기,청담동,필라테스,허리통증,후기,운동·바디
청담동 필라테스 갱년기 가격,청담동,필라테스,갱년기,가격,운동·바디
청담동 필라테스 갱년기 후기,청담동,필라테스,갱년기,후기,운동·바디
청담동 필라테스 초보 가격,청담동,필라테스,초보,가격,운동·바디
청담동 필라테스 초보 후기,청담동,필라테스,초보,후기,운동·바디
청담동 요가 허리통증 가격,청담동,요가,허리통증,가격,운동·바디
청담동 요가 허리통증 후기,청담동,요가,허리통증,후기,운동·바디
청담동 요가 갱년기 가격,청담동,요가,갱년기,가격,운동·바디
청담동 요가 갱년기 후기,청담동,요가,갱년기,후기,운동·바디
청담동 요가 초보 가격,청담동,요가,초보,가격,운동·바디
청담동 요가 초보 후기,청담동,요가,초보,후기,운동·바디
청담동 PT 허리통증 가격,청담동,PT,허리통증,가격,운동·바디
청담동 PT 허리통증 후기,청담동,PT,허리통증,후기,운동·바디
청담동 PT 갱년기 가격,청담동,PT,갱년기,가격,운동·바디
청담동 PT 갱년기 후기,청담동,PT,갱년기,후기,운동·바디
청담동 PT 초보 가격,청담동,PT,초보,가격,운동·바디
청담동 PT 초보 후기,청담동,PT,초보,후기,운동·바디
청담동 마사지 허리통증 가격,청담동,마사지,허리통증,가격,릴렉스·회복
청담동 마사지 허리통증 후기,청담동,마사지,허리통증,후기,릴렉스·회복
청담동 마사지 갱년기 가격,청담동,마사지,갱년기,가격,릴렉스·회복
청담동 마사지 갱년기 후기,청담동,마사지,갱년기,후기,릴렉스·회복
청담동 마사지 초보 가격,청담동,마사지,초보,가격,릴렉스·회복
청담동 마사지 초보 후기,청담동,마사지,초보,후기,릴렉스·회복
청담동 스파 허리통증 가격,청담동,스파,허리통증,가격,릴렉스·회복
청담동 스파 허리통증 후기,청담동,스파,허리통증,후기,릴렉스·회복
청담동 스파 갱년기 가격,청담동,스파,갱년기,가격,릴렉스·회복
청담동 스파 갱년기 후기,청담동,스파,갱년기,후기,릴렉스·회복
청담동 스파 초보 가격,청담동,스파,초보,가격,릴렉스·회복
청담동 스파 초보 후기,청담동,스파,초보,후기,릴렉스·회복
청담동 도수치료 허리통증 가격,청담동,도수치료,허리통증,가격,메디컬 웰니스
청담동 도수치료 허리통증 후기,청담동,도수치료,허리통증,후기,메디컬 웰니스
청담동 도수치료 갱년기 가격,청담동,도수치료,갱년기,가격,메디컬 웰니스
청담동 도수치료 갱년기 후기,청담동,도수치료,갱년기,후기,메디컬 웰니스
청담동 도수치료 초보 가격,청담동,도수치료,초보,가격,메디컬 웰니스
청담동 도수치료 초보 후기,청담동,도수치료,초보,후기,메디컬 웰니스
압구정동 필라테스 허리통증 가격,압구정동,필라테스,허리통증,가격,운동·바디
압구정동 필라테스 허리통증 후기,압구정동,필라테스,허리통증,후기,운동·바디
압구정동 필라테스 갱년기 가격,압구정동,필라테스,갱년기,가격,운동·바디
압구정동 필라테스 갱년기 후기,압구정동,필라테스,갱년기,후기,운동·바디
압구정동 필라테스 초보 가격,압구정동,필라테스,초보,가격,운동·바디
압구정동 필라테스 초보 후기,압구정동,필라테스,초보,후기,운동·바디
압구정동 요가 허리통증 가격,압구정동,요가,허리통증,가격,운동·바디
압구정동 요가 허리통증 후기,압구정동,요가,허리통증,후기,운동·바디
압구정동 요가 갱년기 가격,압구정동,요가,갱년기,가격,운동·바디
압구정동 요가 갱년기 후기,압구정동,요가,갱년기,후기,운동·바디
압구정동 요가 초보 가격,압구정동,요가,초보,가격,운동·바디
압구정동 요가 초보 후기,압구정동,요가,초보,후기,운동·바디
압구정동 PT 허리통증 가격,압구정동,PT,허리통증,가격,운동·바디
압구정동 PT 허리통증 후기,압구정동,PT,허리통증,후기,운동·바디
압구정동 PT 갱년기 가격,압구정동,PT,갱년기,가격,운동·바디
압구정동 PT 갱년기 후기,압구정동,PT,갱년기,후기,운동·바디
압구정동 PT 초보 가격,압구정동,PT,초보,가격,운동·바디
압구정동 PT 초보 후기,압구정동,PT,초보,후기,운동·바디
압구정동 마사지 허리통증 가격,압구정동,마사지,허리통증,가격,릴렉스·회복
압구정동 마사지 허리통증 후기,압구정동,마사지,허리통증,후기,릴렉스·회복
압구정동 마사지 갱년기 가격,압구정동,마사지,갱년기,가격,릴렉스·회복
압구정동 마사지 갱년기 후기,압구정동,마사지,갱년기,후기,릴렉스·회복
압구정동 마사지 초보 가격,압구정동,마사지,초보,가격,릴렉스·회복
압구정동 마사지 초보 후기,압구정동,마사지,초보,후기,릴렉스·회복
압구정동 스파 허리통증 가격,압구정동,스파,허리통증,가격,릴렉스·회복
압구정동 스파 허리통증 후기,압구정동,스파,허리통증,후기,릴렉스·회복
압구정동 스파 갱년기 가격,압구정동,스파,갱년기,가격,릴렉스·회복
압구정동 스파 갱년기 후기,압구정동,스파,갱년기,후기,릴렉스·회복
압구정동 스파 초보 가격,압구정동,스파,초보,가격,릴렉스·회복
압구정동 스파 초보 후기,압구정동,스파,초보,후기,릴렉스·회복
압구정동 도수치료 허리통증 가격,압구정동,도수치료,허리통증,가격,메디컬 웰니스
압구정동 도수치료 허리통증 후기,압구정동,도수치료,허리통증,후기,메디컬 웰니스
압구정동 도수치료 갱년기 가격,압구정동,도수치료,갱년기,가격,메디컬 웰니스
압구정동 도수치료 갱년기 후기,압구정동,도수치료,갱년기,후기,메디컬 웰니스
압구정동 도수치료 초보 가격,압구정동,도수치료,초보,가격,메디컬 웰니스
압구정동 도수치료 초보 후기,압구정동,도수치료,초보,후기,메디컬 웰니스
대치동 필라테스 허리통증 가격,대치동,필라테스,허리통증,가격,운동·바디
대치동 필라테스 허리통증 후기,대치동,필라테스,허리통증,후기,운동·바디
대치동 필라테스 갱년기 가격,대치동,필라테스,갱년기,가격,운동·바디
대치동 필라테스 갱년기 후기,대치동,필라테스,갱년기,후기,운동·바디
대치동 필라테스 초보 가격,대치동,필라테스,초보,가격,운동·바디
대치동 필라테스 초보 후기,대치동,필라테스,초보,후기,운동·바디
대치동 요가 허리통증 가격,대치동,요가,허리통증,가격,운동·바디
대치동 요가 허리통증 후기,대치동,요가,허리통증,후기,운동·바디
대치동 요가 갱년기 가격,대치동,요가,갱년기,가격,운동·바디
대치동 요가 갱년기 후기,대치동,요가,갱년기,후기,운동·바디
대치동 요가 초보 가격,대치동,요가,초보,가격,운동·바디
대치동 요가 초보 후기,대치동,요가,초보,후기,운동·바디
대치동 PT 허리통증 가격,대치동,PT,허리통증,가격,운동·바디
대치동 PT 허리통증 후기,대치동,PT,허리통증,후기,운동·바디
대치동 PT 갱년기 가격,대치동,PT,갱년기,가격,운동·바디
대치동 PT 갱년기 후기,대치동,PT,갱년기,후기,운동·바디
대치동 PT 초보 가격,대치동,PT,초보,가격,운동·바디
대치동 PT 초보 후기,대치동,PT,초보,후기,운동·바디
대치동 마사지 허리통증 가격,대치동,마사지,허리통증,가격,릴렉스·회복
대치동 마사지 허리통증 후기,대치동,마사지,허리통증,후기,릴렉스·회복
대치동 마사지 갱년기 가격,대치동,마사지,갱년기,가격,릴렉스·회복
대치동 마사지 갱년기 후기,대치동,마사지,갱년기,후기,릴렉스·회복
대치동 마사지 초보 가격,대치동,마사지,초보,가격,릴렉스·회복
대치동 마사지 초보 후기,대치동,마사지,초보,후기,릴렉스·회복
대치동 스파 허리통증 가격,대치동,스파,허리통증,가격,릴렉스·회복
대치동 스파 허리통증 후기,대치동,스파,허리통증,후기,릴렉스·회복
대치동 스파 갱년기 가격,대치동,스파,갱년기,가격,릴렉스·회복
대치동 스파 갱년기 후기,대치동,스파,갱년기,후기,릴렉스·회복
대치동 스파 초보 가격,대치동,스파,초보,가격,릴렉스·회복
대치동 스파 초보 후기,대치동,스파,초보,후기,릴렉스·회복
대치동 도수치료 허리통증 가격,대치동,도수치료,허리통증,가격,메디컬 웰니스
대치동 도수치료 허리통증 후기,대치동,도수치료,허리통증,후기,메디컬 웰니스
대치동 도수치료 갱년기 가격,대치동,도수치료,갱년기,가격,메디컬 웰니스
대치동 도수치료 갱년기 후기,대치동,도수치료,갱년기,후기,메디컬 웰니스
대치동 도수치료 초보 가격,대치동,도수치료,초보,가격,메디컬 웰니스
대치동 도수치료 초보 후기,대치동,도수치료,초보,후기,메디컬 웰니스
도곡동 필라테스 허리통증 가격,도곡동,필라테스,허리통증,가격,운동·바디
도곡동 필라테스 허리통증 후기,도곡동,필라테스,허리통증,후기,운동·바디
도곡동 필라테스 갱년기 가격,도곡동,필라테스,갱년기,가격,운동·바디
도곡동 필라테스 갱년기 후기,도곡동,필라테스,갱년기,후기,운동·바디
도곡동 필라테스 초보 가격,도곡동,필라테스,초보,가격,운동·바디
도곡동 필라테스 초보 후기,도곡동,필라테스,초보,후기,운동·바디
도곡동 요가 허리통증 가격,도곡동,요가,허리통증,가격,운동·바디
도곡동 요가 허리통증 후기,도곡동,요가,허리통증,후기,운동·바디
도곡동 요가 갱년기 가격,도곡동,요가,갱년기,가격,운동·바디
도곡동 요가 갱년기 후기,도곡동,요가,갱년기,후기,운동·바디
도곡동 요가 초보 가격,도곡동,요가,초보,가격,운동·바디
도곡동 요가 초보 후기,도곡동,요가,초보,후기,운동·바디
도곡동 PT 허리통증 가격,도곡동,PT,허리통증,가격,운동·바디
도곡동 PT 허리통증 후기,도곡동,PT,허리통증,후기,운동·바디
도곡동 PT 갱년기 가격,도곡동,PT,갱년기,가격,운동·바디
도곡동 PT 갱년기 후기,도곡동,PT,갱년기,후기,운동·바디
도곡동 PT 초보 가격,도곡동,PT,초보,가격,운동·바디
도곡동 PT 초보 후기,도곡동,PT,초보,후기,운동·바디
도곡동 마사지 허리통증 가격,도곡동,마사지,허리통증,가격,릴렉스·회복
도곡동 마사지 허리통증 후기,도곡동,마사지,허리통증,후기,릴렉스·회복
도곡동 마사지 갱년기 가격,도곡동,마사지,갱년기,가격,릴렉스·회복
도곡동 마사지 갱년기 후기,도곡동,마사지,갱년기,후기,릴렉스·회복
도곡동 마사지 초보 가격,도곡동,마사지,초보,가격,릴렉스·회복
도곡동 마사지 초보 후기,도곡동,마사지,초보,후기,릴렉스·회복
도곡동 스파 허리통증 가격,도곡동,스파,허리통증,가격,릴렉스·회복
도곡동 스파 허리통증 후기,도곡동,스파,허리통증,후기,릴렉스·회복
도곡동 스파 갱년기 가격,도곡동,스파,갱년기,가격,릴렉스·회복
도곡동 스파 갱년기 후기,도곡동,스파,갱년기,후기,릴렉스·회복
도곡동 스파 초보 가격,도곡동,스파,초보,가격,릴렉스·회복
도곡동 스파 초보 후기,도곡동,스파,초보,후기,릴렉스·회복
도곡동 도수치료 허리통증 가격,도곡동,도수치료,허리통증,가격,메디컬 웰니스
도곡동 도수치료 허리통증 후기,도곡동,도수치료,허리통증,후기,메디컬 웰니스
도곡동 도수치료 갱년기 가격,도곡동,도수치료,갱년기,가격,메디컬 웰니스
도곡동 도수치료 갱년기 후기,도곡동,도수치료,갱년기,후기,메디컬 웰니스
도곡동 도수치료 초보 가격,도곡동,도수치료,초보,가격,메디컬 웰니스
도곡동 도수치료 초보 후기,도곡동,도수치료,초보,후기,메디컬 웰니스
신사동 필라테스 허리통증 가격,신사동,필라테스,허리통증,가격,운동·바디
신사동 필라테스 허리통증 후기,신사동,필라테스,허리통증,후기,운동·바디
신사동 필라테스 갱년기 가격,신사동,필라테스,갱년기,가격,운동·바디
신사동 필라테스 갱년기 후기,신사동,필라테스,갱년기,후기,운동·바디
신사동 필라테스 초보 가격,신사동,필라테스,초보,가격,운동·바디
신사동 필라테스 초보 후기,신사동,필라테스,초보,후기,운동·바디
신사동 요가 허리통증 가격,신사동,요가,허리통증,가격,운동·바디
신사동 요가 허리통증 후기,신사동,요가,허리통증,후기,운동·바디
신사동 요가 갱년기 가격,신사동,요가,갱년기,가격,운동·바디
신사동 요가 갱년기 후기,신사동,요가,갱년기,후기,운동·바디
신사동 요가 초보 가격,신사동,요가,초보,가격,운동·바디
신사동 요가 초보 후기,신사동,요가,초보,후기,운동·바디
신사동 PT 허리통증 가격,신사동,PT,허리통증,가격,운동·바디
신사동 PT 허리통증 후기,신사동,PT,허리통증,후기,운동·바디
신사동 PT 갱년기 가격,신사동,PT,갱년기,가격,운동·바디
신사동 PT 갱년기 후기,신사동,PT,갱년기,후기,운동·바디
신사동 PT 초보 가격,신사동,PT,초보,가격,운동·바디
신사동 PT 초보 후기,신사동,PT,초보,후기,운동·바디
신사동 마사지 허리통증 가격,신사동,마사지,허리통증,가격,릴렉스·회복
신사동 마사지 허리통증 후기,신사동,마사지,허리통증,후기,릴렉스·회복
신사동 마사지 갱년기 가격,신사동,마사지,갱년기,가격,릴렉스·회복
신사동 마사지 갱년기 후기,신사동,마사지,갱년기,후기,릴렉스·회복
신사동 마사지 초보 가격,신사동,마사지,초보,가격,릴렉스·회복
신사동 마사지 초보 후기,신사동,마사지,초보,후기,릴렉스·회복
신사동 스파 허리통증 가격,신사동,스파,허리통증,가격,릴렉스·회복
신사동 스파 허리통증 후기,신사동,스파,허리통증,후기,릴렉스·회복
신사동 스파 갱년기 가격,신사동,스파,갱년기,가격,릴렉스·회복
신사동 스파 갱년기 후기,신사동,스파,갱년기,후기,릴렉스·회복
신사동 스파 초보 가격,신사동,스파,초보,가격,릴렉스·회복
신사동 스파 초보 후기,신사동,스파,초보,후기,릴렉스·회복
신사동 도수치료 허리통증 가격,신사동,도수치료,허리통증,가격,메디컬 웰니스
신사동 도수치료 허리통증 후기,신사동,도수치료,허리통증,후기,메디컬 웰니스
신사동 도수치료 갱년기 가격,신사동,도수치료,갱년기,가격,메디컬 웰니스
신사동 도수치료 갱년기 후기,신사동,도수치료,갱년기,후기,메디컬 웰니스
신사동 도수치료 초보 가격,신사동,도수치료,초보,가격,메디컬 웰니스
신사동 도수치료 초보 후기,신사동,도수치료,초보,후기,메디컬 웰니스
서초동 필라테스 허리통증 가격,서초동,필라테스,허리통증,가격,운동·바디
서초동 필라테스 허리통증 후기,서초동,필라테스,허리통증,후기,운동·바디
서초동 필라테스 갱년기 가격,서초동,필라테스,갱년기,가격,운동·바디
서초동 필라테스 갱년기 후기,서초동,필라테스,갱년기,후기,운동·바디
서초동 필라테스 초보 가격,서초동,필라테스,초보,가격,운동·바디
서초동 필라테스 초보 후기,서초동,필라테스,초보,후기,운동·바디
서초동 요가 허리통증 가격,서초동,요가,허리통증,가격,운동·바디
서초동 요가 허리통증 후기,서초동,요가,허리통증,후기,운동·바디
서초동 요가 갱년기 가격,서초동,요가,갱년기,가격,운동·바디
서초동 요가 갱년기 후기,서초동,요가,갱년기,후기,운동·바디
서초동 요가 초보 가격,서초동,요가,초보,가격,운동·바디
서초동 요가 초보 후기,서초동,요가,초보,후기,운동·바디
서초동 PT 허리통증 가격,서초동,PT,허리통증,가격,운동·바디
서초동 PT 허리통증 후기,서초동,PT,허리통증,후기,운동·바디
서초동 PT 갱년기 가격,서초동,PT,갱년기,가격,운동·바디
서초동 PT 갱년기 후기,서초동,PT,갱년기,후기,운동·바디
서초동 PT 초보 가격,서초동,PT,초보,가격,운동·바디
서초동 PT 초보 후기,서초동,PT,초보,후기,운동·바디
서초동 마사지 허리통증 가격,서초동,마사지,허리통증,가격,릴렉스·회복
서초동 마사지 허리통증 후기,서초동,마사지,허리통증,후기,릴렉스·회복
서초동 마사지 갱년기 가격,서초동,마사지,갱년기,가격,릴렉스·회복
서초동 마사지 갱년기 후기,서초동,마사지,갱년기,후기,릴렉스·회복
서초동 마사지 초보 가격,서초동,마사지,초보,가격,릴렉스·회복
서초동 마사지 초보 후기,서초동,마사지,초보,후기,릴렉스·회복
서초동 스파 허리통증 가격,서초동,스파,허리통증,가격,릴렉스·회복
서초동 스파 허리통증 후기,서초동,스파,허리통증,후기,릴렉스·회복
서초동 스파 갱년기 가격,서초동,스파,갱년기,가격,릴렉스·회복
서초동 스파 갱년기 후기,서초동,스파,갱년기,후기,릴렉스·회복
서초동 스파 초보 가격,서초동,스파,초보,가격,릴렉스·회복
서초동 스파 초보 후기,서초동,스파,초보,후기,릴렉스·회복
서초동 도수치료 허리통증 가격,서초동,도수치료,허리통증,가격,메디컬 웰니스
서초동 도수치료 허리통증 후기,서초동,도수치료,허리통증,후기,메디컬 웰니스
서초동 도수치료 갱년기 가격,서초동,도수치료,갱년기,가격,메디컬 웰니스
서초동 도수치료 갱년기 후기,서초동,도수치료,갱년기,후기,메디컬 웰니스
서초동 도수치료 초보 가격,서초동,도수치료,초보,가격,메디컬 웰니스
서초동 도수치료 초보 후기,서초동,도수치료,초보,후기,메디컬 웰니스
반포동 필라테스 허리통증 가격,반포동,필라테스,허리통증,가격,운동·바디
반포동 필라테스 허리통증 후기,반포동,필라테스,허리통증,후기,운동·바디
반포동 필라테스 갱년기 가격,반포동,필라테스,갱년기,가격,운동·바디
반포동 필라테스 갱년기 후기,반포동,필라테스,갱년기,후기,운동·바디
반포동 필라테스 초보 가격,반포동,필라테스,초보,가격,운동·바디
반포동 필라테스 초보 후기,반포동,필라테스,초보,후기,운동·바디
반포동 요가 허리통증 가격,반포동,요가,허리통증,가격,운동·바디
반포동 요가 허리통증 후기,반포동,요가,허리통증,후기,운동·바디
반포동 요가 갱년기 가격,반포동,요가,갱년기,가격,운동·바디
반포동 요가 갱년기 후기,반포동,요가,갱년기,후기,운동·바디
반포동 요가 초보 가격,반포동,요가,초보,가격,운동·바디
반포동 요가 초보 후기,반포동,요가,초보,후기,운동·바디
반포동 PT 허리통증 가격,반포동,PT,허리통증,가격,운동·바디
반포동 PT 허리통증 후기,반포동,PT,허리통증,후기,운동·바디
반포동 PT 갱년기 가격,반포동,PT,갱년기,가격,운동·바디
반포동 PT 갱년기 후기,반포동,PT,갱년기,후기,운동·바디
반포동 PT 초보 가격,반포동,PT,초보,가격,운동·바디
반포동 PT 초보 후기,반포동,PT,초보,후기,운동·바디
반포동 마사지 허리통증 가격,반포동,마사지,허리통증,가격,릴렉스·회복
반포동 마사지 허리통증 후기,반포동,마사지,허리통증,후기,릴렉스·회복
반포동 마사지 갱년기 가격,반포동,마사지,갱년기,가격,릴렉스·회복
반포동 마사지 갱년기 후기,반포동,마사지,갱년기,후기,릴렉스·회복
반포동 마사지 초보 가격,반포동,마사지,초보,가격,릴렉스·회복
반포동 마사지 초보 후기,반포동,마사지,초보,후기,릴렉스·회복
반포동 스파 허리통증 가격,반포동,스파,허리통증,가격,릴렉스·회복
반포동 스파 허리통증 후기,반포동,스파,허리통증,후기,릴렉스·회복
반포동 스파 갱년기 가격,반포동,스파,갱년기,가격,릴렉스·회복
반포동 스파 갱년기 후기,반포동,스파,갱년기,후기,릴렉스·회복
반포동 스파 초보 가격,반포동,스파,초보,가격,릴렉스·회복
반포동 스파 초보 후기,반포동,스파,초보,후기,릴렉스·회복
반포동 도수치료 허리통증 가격,반포동,도수치료,허리통증,가격,메디컬 웰니스
반포동 도수치료 허리통증 후기,반포동,도수치료,허리통증,후기,메디컬 웰니스
반포동 도수치료 갱년기 가격,반포동,도수치료,갱년기,가격,메디컬 웰니스
반포동 도수치료 갱년기 후기,반포동,도수치료,갱년기,후기,메디컬 웰니스
반포동 도수치료 초보 가격,반포동,도수치료,초보,가격,메디컬 웰니스
반포동 도수치료 초보 후기,반포동,도수치료,초보,후기,메디컬 웰니스
잠원동 필라테스 허리통증 가격,잠원동,필라테스,허리통증,가격,운동·바디
잠원동 필라테스 허리통증 후기,잠원동,필라테스,허리통증,후기,운동·바디
잠원동 필라테스 갱년기 가격,잠원동,필라테스,갱년기,가격,운동·바디
잠원동 필라테스 갱년기 후기,잠원동,필라테스,갱년기,후기,운동·바디
잠원동 필라테스 초보 가격,잠원동,필라테스,초보,가격,운동·바디
잠원동 필라테스 초보 후기,잠원동,필라테스,초보,후기,운동·바디
잠원동 요가 허리통증 가격,잠원동,요가,허리통증,가격,운동·바디
잠원동 요가 허리통증 후기,잠원동,요가,허리통증,후기,운동·바디
잠원동 요가 갱년기 가격,잠원동,요가,갱년기,가격,운동·바디
잠원동 요가 갱년기 후기,잠원동,요가,갱년기,후기,운동·바디
잠원동 요가 초보 가격,잠원동,요가,초보,가격,운동·바디
잠원동 요가 초보 후기,잠원동,요가,초보,후기,운동·바디
잠원동 PT 허리통증 가격,잠원동,PT,허리통증,가격,운동·바디
잠원동 PT 허리통증 후기,잠원동,PT,허리통증,후기,운동·바디
잠원동 PT 갱년기 가격,잠원동,PT,갱년기,가격,운동·바디
잠원동 PT 갱년기 후기,잠원동,PT,갱년기,후기,운동·바디
잠원동 PT 초보 가격,잠원동,PT,초보,가격,운동·바디
잠원동 PT 초보 후기,잠원동,PT,초보,후기,운동·바디
잠원동 마사지 허리통증 가격,잠원동,마사지,허리통증,가격,릴렉스·회복
잠원동 마사지 허리통증 후기,잠원동,마사지,허리통증,후기,릴렉스·회복
잠원동 마사지 갱년기 가격,잠원동,마사지,갱년기,가격,릴렉스·회복
잠원동 마사지 갱년기 후기,잠원동,마사지,갱년기,후기,릴렉스·회복
잠원동 마사지 초보 가격,잠원동,마사지,초보,가격,릴렉스·회복
잠원동 마사지 초보 후기,잠원동,마사지,초보,후기,릴렉스·회복
잠원동 스파 허리통증 가격,잠원동,스파,허리통증,가격,릴렉스·회복
잠원동 스파 허리통증 후기,잠원동,스파,허리통증,후기,릴렉스·회복
잠원동 스파 갱년기 가격,잠원동,스파,갱년기,가격,릴렉스·회복
잠원동 스파 갱년기 후기,잠원동,스파,갱년기,후기,릴렉스·회복
잠원동 스파 초보 가격,잠원동,스파,초보,가격,릴렉스·회복
잠원동 스파 초보 후기,잠원동,스파,초보,후기,릴렉스·회복
잠원동 도수치료 허리통증 가격,잠원동,도수치료,허리통증,가격,메디컬 웰니스
잠원동 도수치료 허리통증 후기,잠원동,도수치료,허리통증,후기,메디컬 웰니스
잠원동 도수치료 갱년기 가격,잠원동,도수치료,갱년기,가격,메디컬 웰니스
잠원동 도수치료 갱년기 후기,잠원동,도수치료,갱년기,후기,메디컬 웰니스
잠원동 도수치료 초보 가격,잠원동,도수치료,초보,가격,메디컬 웰니스
잠원동 도수치료 초보 후기,잠원동,도수치료,초보,후기,메디컬 웰니스
방배동 필라테스 허리통증 가격,방배동,필라테스,허리통증,가격,운동·바디
방배동 필라테스 허리통증 후기,방배동,필라테스,허리통증,후기,운동·바디
방배동 필라테스 갱년기 가격,방배동,필라테스,갱년기,가격,운동·바디
방배동 필라테스 갱년기 후기,방배동,필라테스,갱년기,후기,운동·바디
방배동 필라테스 초보 가격,방배동,필라테스,초보,가격,운동·바디
방배동 필라테스 초보 후기,방배동,필라테스,초보,후기,운동·바디
방배동 요가 허리통증 가격,방배동,요가,허리통증,가격,운동·바디
방배동 요가 허리통증 후기,방배동,요가,허리통증,후기,운동·바디
방배동 요가 갱년기 가격,방배동,요가,갱년기,가격,운동·바디
방배동 요가 갱년기 후기,방배동,요가,갱년기,후기,운동·바디
방배동 요가 초보 가격,방배동,요가,초보,가격,운동·바디
방배동 요가 초보 후기,방배동,요가,초보,후기,운동·바디
방배동 PT 허리통증 가격,방배동,PT,허리통증,가격,운동·바디
방배동 PT 허리통증 후기,방배동,PT,허리통증,후기,운동·바디
방배동 PT 갱년기 가격,방배동,PT,갱년기,가격,운동·바디
방배동 PT 갱년기 후기,방배동,PT,갱년기,후기,운동·바디
방배동 PT 초보 가격,방배동,PT,초보,가격,운동·바디
방배동 PT 초보 후기,방배동,PT,초보,후기,운동·바디
방배동 마사지 허리통증 가격,방배동,마사지,허리통증,가격,릴렉스·회복
방배동 마사지 허리통증 후기,방배동,마사지,허리통증,후기,릴렉스·회복
방배동 마사지 갱년기 가격,방배동,마사지,갱년기,가격,릴렉스·회복
방배동 마사지 갱년기 후기,방배동,마사지,갱년기,후기,릴렉스·회복
방배동 마사지 초보 가격,방배동,마사지,초보,가격,릴렉스·회복
방배동 마사지 초보 후기,방배동,마사지,초보,후기,릴렉스·회복
방배동 스파 허리통증 가격,방배동,스파,허리통증,가격,릴렉스·회복
방배동 스파 허리통증 후기,방배동,스파,허리통증,후기,릴렉스·회복
방배동 스파 갱년기 가격,방배동,스파,갱년기,가격,릴렉스·회복
방배동 스파 갱년기 후기,방배동,스파,갱년기,후기,릴렉스·회복
방배동 스파 초보 가격,방배동,스파,초보,가격,릴렉스·회복
방배동 스파 초보 후기,방배동,스파,초보,후기,릴렉스·회복
방배동 도수치료 허리통증 가격,방배동,도수치료,허리통증,가격,메디컬 웰니스
방배동 도수치료 허리통증 후기,방배동,도수치료,허리통증,후기,메디컬 웰니스
방배동 도수치료 갱년기 가격,방배동,도수치료,갱년기,가격,메디컬 웰니스
방배동 도수치료 갱년기 후기,방배동,도수치료,갱년기,후기,메디컬 웰니스
방배동 도수치료 초보 가격,방배동,도수치료,초보,가격,메디컬 웰니스
방배동 도수치료 초보 후기,방배동,도수치료,초보,후기,메디컬 웰니스
잠실동 필라테스 허리통증 가격,잠실동,필라테스,허리통증,가격,운동·바디
잠실동 필라테스 허리통증 후기,잠실동,필라테스,허리통증,후기,운동·바디
잠실동 필라테스 갱년기 가격,잠실동,필라테스,갱년기,가격,운동·바디
잠실동 필라테스 갱년기 후기,잠실동,필라테스,갱년기,후기,운동·바디
잠실동 필라테스 초보 가격,잠실동,필라테스,초보,가격,운동·바디
잠실동 필라테스 초보 후기,잠실동,필라테스,초보,후기,운동·바디
잠실동 요가 허리통증 가격,잠실동,요가,허리통증,가격,운동·바디
잠실동 요가 허리통증 후기,잠실동,요가,허리통증,후기,운동·바디
잠실동 요가 갱년기 가격,잠실동,요가,갱년기,가격,운동·바디
잠실동 요가 갱년기 후기,잠실동,요가,갱년기,후기,운동·바디
잠실동 요가 초보 가격,잠실동,요가,초보,가격,운동·바디
잠실동 요가 초보 후기,잠실동,요가,초보,후기,운동·바디
잠실동 PT 허리통증 가격,잠실동,PT,허리통증,가격,운동·바디
잠실동 PT 허리통증 후기,잠실동,PT,허리통증,후기,운동·바디
잠실동 PT 갱년기 가격,잠실동,PT,갱년기,가격,운동·바디
잠실동 PT 갱년기 후기,잠실동,PT,갱년기,후기,운동·바디
잠실동 PT 초보 가격,잠실동,PT,초보,가격,운동·바디
잠실동 PT 초보 후기,잠실동,PT,초보,후기,운동·바디
잠실동 마사지 허리통증 가격,잠실동,마사지,허리통증,가격,릴렉스·회복
잠실동 마사지 허리통증 후기,잠실동,마사지,허리통증,후기,릴렉스·회복
잠실동 마사지 갱년기 가격,잠실동,마사지,갱년기,가격,릴렉스·회복
잠실동 마사지 갱년기 후기,잠실동,마사지,갱년기,후기,릴렉스·회복
잠실동 마사지 초보 가격,잠실동,마사지,초보,가격,릴렉스·회복
잠실동 마사지 초보 후기,잠실동,마사지,초보,후기,릴렉스·회복
잠실동 스파 허리통증 가격,잠실동,스파,허리통증,가격,릴렉스·회복
잠실동 스파 허리통증 후기,잠실동,스파,허리통증,후기,릴렉스·회복
잠실동 스파 갱년기 가격,잠실동,스파,갱년기,가격,릴렉스·회복
잠실동 스파 갱년기 후기,잠실동,스파,갱년기,후기,릴렉스·회복
잠실동 스파 초보 가격,잠실동,스파,초보,가격,릴렉스·회복
잠실동 스파 초보 후기,잠실동,스파,초보,후기,릴렉스·회복
잠실동 도수치료 허리통증 가격,잠실동,도수치료,허리통증,가격,메디컬 웰니스
잠실동 도수치료 허리통증 후기,잠실동,도수치료,허리통증,후기,메디컬 웰니스
잠실동 도수치료 갱년기 가격,잠실동,도수치료,갱년기,가격,메디컬 웰니스
잠실동 도수치료 갱년기 후기,잠실동,도수치료,갱년기,후기,메디컬 웰니스
잠실동 도수치료 초보 가격,잠실동,도수치료,초보,가격,메디컬 웰니스
잠실동 도수치료 초보 후기,잠실동,도수치료,초보,후기,메디컬 웰니스
문정동 필라테스 허리통증 가격,문정동,필라테스,허리통증,가격,운동·바디
문정동 필라테스 허리통증 후기,문정동,필라테스,허리통증,후기,운동·바디
문정동 필라테스 갱년기 가격,문정동,필라테스,갱년기,가격,운동·바디
문정동 필라테스 갱년기 후기,문정동,필라테스,갱년기,후기,운동·바디
문정동 필라테스 초보 가격,문정동,필라테스,초보,가격,운동·바디
문정동 필라테스 초보 후기,문정동,필라테스,초보,후기,운동·바디
문정동 요가 허리통증 가격,문정동,요가,허리통증,가격,운동·바디
문정동 요가 허리통증 후기,문정동,요가,허리통증,후기,운동·바디
문정동 요가 갱년기 가격,문정동,요가,갱년기,가격,운동·바디
문정동 요가 갱년기 후기,문정동,요가,갱년기,후기,운동·바디
문정동 요가 초보 가격,문정동,요가,초보,가격,운동·바디
문정동 요가 초보 후기,문정동,요가,초보,후기,운동·바디
문정동 PT 허리통증 가격,문정동,PT,허리통증,가격,운동·바디
문정동 PT 허리통증 후기,문정동,PT,허리통증,후기,운동·바디
문정동 PT 갱년기 가격,문정동,PT,갱년기,가격,운동·바디
문정동 PT 갱년기 후기,문정동,PT,갱년기,후기,운동·바디
문정동 PT 초보 가격,문정동,PT,초보,가격,운동·바디
문정동 PT 초보 후기,문정동,PT,초보,후기,운동·바디
문정동 마사지 허리통증 가격,문정동,마사지,허리통증,가격,릴렉스·회복
문정동 마사지 허리통증 후기,문정동,마사지,허리통증,후기,릴렉스·회복
문정동 마사지 갱년기 가격,문정동,마사지,갱년기,가격,릴렉스·회복
문정동 마사지 갱년기 후기,문정동,마사지,갱년기,후기,릴렉스·회복
문정동 마사지 초보 가격,문정동,마사지,초보,가격,릴렉스·회복
문정동 마사지 초보 후기,문정동,마사지,초보,후기,릴렉스·회복
문정동 스파 허리통증 가격,문정동,스파,허리통증,가격,릴렉스·회복
문정동 스파 허리통증 후기,문정동,스파,허리통증,후기,릴렉스·회복
문정동 스파 갱년기 가격,문정동,스파,갱년기,가격,릴렉스·회복
문정동 스파 갱년기 후기,문정동,스파,갱년기,후기,릴렉스·회복
문정동 스파 초보 가격,문정동,스파,초보,가격,릴렉스·회복
문정동 스파 초보 후기,문정동,스파,초보,후기,릴렉스·회복
문정동 도수치료 허리통증 가격,문정동,도수치료,허리통증,가격,메디컬 웰니스
문정동 도수치료 허리통증 후기,문정동,도수치료,허리통증,후기,메디컬 웰니스
문정동 도수치료 갱년기 가격,문정동,도수치료,갱년기,가격,메디컬 웰니스
문정동 도수치료 갱년기 후기,문정동,도수치료,갱년기,후기,메디컬 웰니스
문정동 도수치료 초보 가격,문정동,도수치료,초보,가격,메디컬 웰니스
문정동 도수치료 초보 후기,문정동,도수치료,초보,후기,메디컬 웰니스
방이동 필라테스 허리통증 가격,방이동,필라테스,허리통증,가격,운동·바디
방이동 필라테스 허리통증 후기,방이동,필라테스,허리통증,후기,운동·바디
방이동 필라테스 갱년기 가격,방이동,필라테스,갱년기,가격,운동·바디
방이동 필라테스 갱년기 후기,방이동,필라테스,갱년기,후기,운동·바디
방이동 필라테스 초보 가격,방이동,필라테스,초보,가격,운동·바디
방이동 필라테스 초보 후기,방이동,필라테스,초보,후기,운동·바디
방이동 요가 허리통증 가격,방이동,요가,허리통증,가격,운동·바디
방이동 요가 허리통증 후기,방이동,요가,허리통증,후기,운동·바디
방이동 요가 갱년기 가격,방이동,요가,갱년기,가격,운동·바디
방이동 요가 갱년기 후기,방이동,요가,갱년기,후기,운동·바디
방이동 요가 초보 가격,방이동,요가,초보,가격,운동·바디
방이동 요가 초보 후기,방이동,요가,초보,후기,운동·바디
방이동 PT 허리통증 가격,방이동,PT,허리통증,가격,운동·바디
방이동 PT 허리통증 후기,방이동,PT,허리통증,후기,운동·바디
방이동 PT 갱년기 가격,방이동,PT,갱년기,가격,운동·바디
방이동 PT 갱년기 후기,방이동,PT,갱년기,후기,운동·바디
방이동 PT 초보 가격,방이동,PT,초보,가격,운동·바디
방이동 PT 초보 후기,방이동,PT,초보,후기,운동·바디
방이동 마사지 허리통증 가격,방이동,마사지,허리통증,가격,릴렉스·회복
방이동 마사지 허리통증 후기,방이동,마사지,허리통증,후기,릴렉스·회복
방이동 마사지 갱년기 가격,방이동,마사지,갱년기,가격,릴렉스·회복
방이동 마사지 갱년기 후기,방이동,마사지,갱년기,후기,릴렉스·회복
방이동 마사지 초보 가격,방이동,마사지,초보,가격,릴렉스·회복
방이동 마사지 초보 후기,방이동,마사지,초보,후기,릴렉스·회복
방이동 스파 허리통증 가격,방이동,스파,허리통증,가격,릴렉스·회복
방이동 스파 허리통증 후기,방이동,스파,허리통증,후기,릴렉스·회복
방이동 스파 갱년기 가격,방이동,스파,갱년기,가격,릴렉스·회복
방이동 스파 갱년기 후기,방이동,스파,갱년기,후기,릴렉스·회복
방이동 스파 초보 가격,방이동,스파,초보,가격,릴렉스·회복
방이동 스파 초보 후기,방이동,스파,초보,후기,릴렉스·회복
방이동 도수치료 허리통증 가격,방이동,도수치료,허리통증,가격,메디컬 웰니스
방이동 도수치료 허리통증 후기,방이동,도수치료,허리통증,후기,메디컬 웰니스
방이동 도수치료 갱년기 가격,방이동,도수치료,갱년기,가격,메디컬 웰니스
방이동 도수치료 갱년기 후기,방이동,도수치료,갱년기,후기,메디컬 웰니스
방이동 도수치료 초보 가격,방이동,도수치료,초보,가격,메디컬 웰니스
방이동 도수치료 초보 후기,방이동,도수치료,초보,후기,메디컬 웰니스
강남역 필라테스 허리통증 가격,강남역,필라테스,허리통증,가격,운동·바디
강남역 필라테스 허리통증 후기,강남역,필라테스,허리통증,후기,운동·바디
강남역 필라테스 갱년기 가격,강남역,필라테스,갱년기,가격,운동·바디
강남역 필라테스 갱년기 후기,강남역,필라테스,갱년기,후기,운동·바디
강남역 필라테스 초보 가격,강남역,필라테스,초보,가격,운동·바디
강남역 필라테스 초보 후기,강남역,필라테스,초보,후기,운동·바디
강남역 요가 허리통증 가격,강남역,요가,허리통증,가격,운동·바디
강남역 요가 허리통증 후기,강남역,요가,허리통증,후기,운동·바디
강남역 요가 갱년기 가격,강남역,요가,갱년기,가격,운동·바디
강남역 요가 갱년기 후기,강남역,요가,갱년기,후기,운동·바디
강남역 요가 초보 가격,강남역,요가,초보,가격,운동·바디
강남역 요가 초보 후기,강남역,요가,초보,후기,운동·바디
강남역 PT 허리통증 가격,강남역,PT,허리통증,가격,운동·바디
강남역 PT 허리통증 후기,강남역,PT,허리통증,후기,운동·바디
강남역 PT 갱년기 가격,강남역,PT,갱년기,가격,운동·바디
강남역 PT 갱년기 후기,강남역,PT,갱년기,후기,운동·바디
강남역 PT 초보 가격,강남역,PT,초보,가격,운동·바디
강남역 PT 초보 후기,강남역,PT,초보,후기,운동·바디
강남역 마사지 허리통증 가격,강남역,마사지,허리통증,가격,릴렉스·회복
강남역 마사지 허리통증 후기,강남역,마사지,허리통증,후기,릴렉스·회복
강남역 마사지 갱년기 가격,강남역,마사지,갱년기,가격,릴렉스·회복
강남역 마사지 갱년기 후기,강남역,마사지,갱년기,후기,릴렉스·회복
강남역 마사지 초보 가격,강남역,마사지,초보,가격,릴렉스·회복
강남역 마사지 초보 후기,강남역,마사지,초보,후기,릴렉스·회복
강남역 스파 허리통증 가격,강남역,스파,허리통증,가격,릴렉스·회복
강남역 스파 허리통증 후기,강남역,스파,허리통증,후기,릴렉스·회복
강남역 스파 갱년기 가격,강남역,스파,갱년기,가격,릴렉스·회복
강남역 스파 갱년기 후기,강남역,스파,갱년기,후기,릴렉스·회복
강남역 스파 초보 가격,강남역,스파,초보,가격,릴렉스·회복
강남역 스파 초보 후기,강남역,스파,초보,후기,릴렉스·회복
강남역 도수치료 허리통증 가격,강남역,도수치료,허리통증,가격,메디컬 웰니스
강남역 도수치료 허리통증 후기,강남역,도수치료,허리통증,후기,메디컬 웰니스
강남역 도수치료 갱년기 가격,강남역,도수치료,갱년기,가격,메디컬 웰니스
강남역 도수치료 갱년기 후기,강남역,도수치료,갱년기,후기,메디컬 웰니스
강남역 도수치료 초보 가격,강남역,도수치료,초보,가격,메디컬 웰니스
강남역 도수치료 초보 후기,강남역,도수치료,초보,후기,메디컬 웰니스
선릉역 필라테스 허리통증 가격,선릉역,필라테스,허리통증,가격,운동·바디
선릉역 필라테스 허리통증 후기,선릉역,필라테스,허리통증,후기,운동·바디
선릉역 필라테스 갱년기 가격,선릉역,필라테스,갱년기,가격,운동·바디
선릉역 필라테스 갱년기 후기,선릉역,필라테스,갱년기,후기,운동·바디
선릉역 필라테스 초보 가격,선릉역,필라테스,초보,가격,운동·바디
선릉역 필라테스 초보 후기,선릉역,필라테스,초보,후기,운동·바디
선릉역 요가 허리통증 가격,선릉역,요가,허리통증,가격,운동·바디
선릉역 요가 허리통증 후기,선릉역,요가,허리통증,후기,운동·바디
선릉역 요가 갱년기 가격,선릉역,요가,갱년기,가격,운동·바디
선릉역 요가 갱년기 후기,선릉역,요가,갱년기,후기,운동·바디
선릉역 요가 초보 가격,선릉역,요가,초보,가격,운동·바디
선릉역 요가 초보 후기,선릉역,요가,초보,후기,운동·바디
선릉역 PT 허리통증 가격,선릉역,PT,허리통증,가격,운동·바디
선릉역 PT 허리통증 후기,선릉역,PT,허리통증,후기,운동·바디
선릉역 PT 갱년기 가격,선릉역,PT,갱년기,가격,운동·바디
선릉역 PT 갱년기 후기,선릉역,PT,갱년기,후기,운동·바디
선릉역 PT 초보 가격,선릉역,PT,초보,가격,운동·바디
선릉역 PT 초보 후기,선릉역,PT,초보,후기,운동·바디
선릉역 마사지 허리통증 가격,선릉역,마사지,허리통증,가격,릴렉스·회복
선릉역 마사지 허리통증 후기,선릉역,마사지,허리통증,후기,릴렉스·회복
선릉역 마사지 갱년기 가격,선릉역,마사지,갱년기,가격,릴렉스·회복
선릉역 마사지 갱년기 후기,선릉역,마사지,갱년기,후기,릴렉스·회복
선릉역 마사지 초보 가격,선릉역,마사지,초보,가격,릴렉스·회복
선릉역 마사지 초보 후기,선릉역,마사지,초보,후기,릴렉스·회복
선릉역 스파 허리통증 가격,선릉역,스파,허리통증,가격,릴렉스·회복
선릉역 스파 허리통증 후기,선릉역,스파,허리통증,후기,릴렉스·회복
선릉역 스파 갱년기 가격,선릉역,스파,갱년기,가격,릴렉스·회복
선릉역 스파 갱년기 후기,선릉역,스파,갱년기,후기,릴렉스·회복
선릉역 스파 초보 가격,선릉역,스파,초보,가격,릴렉스·회복
선릉역 스파 초보 후기,선릉역,스파,초보,후기,릴렉스·회복
선릉역 도수치료 허리통증 가격,선릉역,도수치료,허리통증,가격,메디컬 웰니스
선릉역 도수치료 허리통증 후기,선릉역,도수치료,허리통증,후기,메디컬 웰니스
선릉역 도수치료 갱년기 가격,선릉역,도수치료,갱년기,가격,메디컬 웰니스
선릉역 도수치료 갱년기 후기,선릉역,도수치료,갱년기,후기,메디컬 웰니스
선릉역 도수치료 초보 가격,선릉역,도수치료,초보,가격,메디컬 웰니스
선릉역 도수치료 초보 후기,선릉역,도수치료,초보,후기,메디컬 웰니스
